DATE,EVENT_TYPE,VALUE
2010-03-11,EXTREME_HEAT,35.1
2010-04-03,EXTREME_HEAT,36.16
2010-04-18,EXTREME_HUMIDITY,85.1
2010-04-19,EXTREME_HUMIDITY,84.49
2010-04-24,PROLONGED_RAIN,3.0
2010-04-28,PROLONGED_RAIN,3.0
2010-05-11,EXTREME_HUMIDITY,87.06
2010-05-19,EXTREME_HUMIDITY,86.67
2010-05-20,EXTREME_HUMIDITY,85.32
2010-05-20,PROLONGED_RAIN,3.0
2010-05-21,EXTREME_HUMIDITY,85.46
2010-05-21,PROLONGED_RAIN,4.0
2010-05-22,PROLONGED_RAIN,5.0
2010-05-22,EXTREME_HUMIDITY,84.55
2010-05-23,EXTREME_HUMIDITY,83.98
2010-05-24,EXTREME_HUMIDITY,83.55
2010-05-25,EXTREME_HUMIDITY,85.79
2010-05-26,EXTREME_HUMIDITY,83.86
2010-05-31,EXTREME_HUMIDITY,83.87
2010-06-01,PROLONGED_RAIN,3.0
2010-06-02,PROLONGED_RAIN,4.0
2010-06-06,PROLONGED_RAIN,3.0
2010-06-07,PROLONGED_RAIN,4.0
2010-06-08,PROLONGED_RAIN,5.0
2010-06-09,PROLONGED_RAIN,6.0
2010-06-10,EXTREME_HUMIDITY,83.81
2010-06-10,PROLONGED_RAIN,7.0
2010-06-11,HEAVY_RAIN,33.46
2010-06-11,PROLONGED_RAIN,8.0
2010-06-11,EXTREME_HUMIDITY,86.73
2010-06-12,EXTREME_HUMIDITY,88.71
2010-06-12,PROLONGED_RAIN,9.0
2010-06-12,HEAVY_RAIN,46.83
2010-06-13,PROLONGED_RAIN,10.0
2010-06-13,HEAVY_RAIN,44.98
2010-06-13,EXTREME_HUMIDITY,86.88
2010-06-14,HEAVY_RAIN,87.14
2010-06-14,EXTREME_HUMIDITY,87.34
2010-06-14,PROLONGED_RAIN,11.0
2010-06-15,HEAVY_RAIN,49.42
2010-06-15,PROLONGED_RAIN,12.0
2010-06-15,EXTREME_HUMIDITY,90.07
2010-06-16,HEAVY_RAIN,44.67
2010-06-16,PROLONGED_RAIN,13.0
2010-06-16,EXTREME_HUMIDITY,89.4
2010-06-17,HEAVY_RAIN,56.58
2010-06-17,PROLONGED_RAIN,14.0
2010-06-17,EXTREME_HUMIDITY,86.49
2010-06-18,EXTREME_HUMIDITY,88.67
2010-06-18,PROLONGED_RAIN,15.0
2010-06-19,EXTREME_HUMIDITY,89.85
2010-06-19,PROLONGED_RAIN,16.0
2010-06-20,EXTREME_HUMIDITY,87.73
2010-06-20,PROLONGED_RAIN,17.0
2010-06-21,PROLONGED_RAIN,18.0
2010-06-21,EXTREME_HUMIDITY,88.3
2010-06-22,HEAVY_RAIN,42.12
2010-06-22,EXTREME_HUMIDITY,89.7
2010-06-22,PROLONGED_RAIN,19.0
2010-06-23,HEAVY_RAIN,32.22
2010-06-23,EXTREME_HUMIDITY,88.87
2010-06-23,PROLONGED_RAIN,20.0
2010-06-24,HEAVY_RAIN,64.33
2010-06-24,PROLONGED_RAIN,21.0
2010-06-24,EXTREME_HUMIDITY,91.63
2010-06-25,PROLONGED_RAIN,22.0
2010-06-25,HEAVY_RAIN,100.2
2010-06-25,EXTREME_HUMIDITY,90.45
2010-06-26,EXTREME_HUMIDITY,91.39
2010-06-26,HEAVY_RAIN,54.63
2010-06-26,PROLONGED_RAIN,23.0
2010-06-27,EXTREME_HUMIDITY,90.3
2010-06-27,PROLONGED_RAIN,24.0
2010-06-28,PROLONGED_RAIN,25.0
2010-06-28,EXTREME_HUMIDITY,89.74
2010-06-29,EXTREME_HUMIDITY,88.9
2010-06-29,PROLONGED_RAIN,26.0
2010-06-30,EXTREME_HUMIDITY,90.77
2010-06-30,PROLONGED_RAIN,27.0
2010-07-01,HEAVY_RAIN,77.99
2010-07-01,EXTREME_HUMIDITY,89.71
2010-07-01,PROLONGED_RAIN,28.0
2010-07-02,EXTREME_HUMIDITY,90.6
2010-07-02,PROLONGED_RAIN,29.0
2010-07-03,PROLONGED_RAIN,30.0
2010-07-03,EXTREME_HUMIDITY,88.16
2010-07-03,HEAVY_RAIN,34.3
2010-07-04,EXTREME_HUMIDITY,91.67
2010-07-04,PROLONGED_RAIN,31.0
2010-07-04,HEAVY_RAIN,84.28
2010-07-05,PROLONGED_RAIN,32.0
2010-07-05,EXTREME_HUMIDITY,90.69
2010-07-05,HEAVY_RAIN,43.46
2010-07-06,HEAVY_RAIN,41.19
2010-07-06,PROLONGED_RAIN,33.0
2010-07-06,EXTREME_HUMIDITY,91.4
2010-07-07,HEAVY_RAIN,50.53
2010-07-07,PROLONGED_RAIN,34.0
2010-07-07,EXTREME_HUMIDITY,92.37
2010-07-08,PROLONGED_RAIN,35.0
2010-07-08,EXTREME_HUMIDITY,87.38
2010-07-09,EXTREME_HUMIDITY,85.29
2010-07-09,PROLONGED_RAIN,36.0
2010-07-10,PROLONGED_RAIN,37.0
2010-07-10,EXTREME_HUMIDITY,86.88
2010-07-11,PROLONGED_RAIN,38.0
2010-07-11,EXTREME_HUMIDITY,88.59
2010-07-12,PROLONGED_RAIN,39.0
2010-07-12,EXTREME_HUMIDITY,90.85
2010-07-13,PROLONGED_RAIN,40.0
2010-07-13,EXTREME_HUMIDITY,86.51
2010-07-14,PROLONGED_RAIN,41.0
2010-07-14,EXTREME_HUMIDITY,88.82
2010-07-15,PROLONGED_RAIN,42.0
2010-07-15,EXTREME_HUMIDITY,89.09
2010-07-15,HEAVY_RAIN,71.56
2010-07-16,PROLONGED_RAIN,43.0
2010-07-16,EXTREME_HUMIDITY,92.07
2010-07-16,HEAVY_RAIN,57.76
2010-07-17,PROLONGED_RAIN,44.0
2010-07-17,EXTREME_HUMIDITY,90.21
2010-07-17,HEAVY_RAIN,33.51
2010-07-18,PROLONGED_RAIN,45.0
2010-07-18,HEAVY_RAIN,48.84
2010-07-18,EXTREME_HUMIDITY,90.87
2010-07-19,HEAVY_RAIN,105.03
2010-07-19,EXTREME_HUMIDITY,93.0
2010-07-19,PROLONGED_RAIN,46.0
2010-07-20,PROLONGED_RAIN,47.0
2010-07-20,HEAVY_RAIN,86.52
2010-07-20,EXTREME_HUMIDITY,92.88
2010-07-21,PROLONGED_RAIN,48.0
2010-07-21,EXTREME_HUMIDITY,93.85
2010-07-21,HEAVY_RAIN,73.79
2010-07-22,PROLONGED_RAIN,49.0
2010-07-22,HEAVY_RAIN,29.51
2010-07-22,EXTREME_HUMIDITY,92.28
2010-07-23,PROLONGED_RAIN,50.0
2010-07-23,EXTREME_HUMIDITY,91.68
2010-07-24,PROLONGED_RAIN,51.0
2010-07-24,HEAVY_RAIN,38.22
2010-07-24,EXTREME_HUMIDITY,92.64
2010-07-25,HEAVY_RAIN,36.88
2010-07-25,PROLONGED_RAIN,52.0
2010-07-25,EXTREME_HUMIDITY,93.34
2010-07-26,HEAVY_RAIN,33.63
2010-07-26,PROLONGED_RAIN,53.0
2010-07-26,EXTREME_HUMIDITY,91.79
2010-07-27,EXTREME_HUMIDITY,92.1
2010-07-27,HEAVY_RAIN,46.28
2010-07-27,PROLONGED_RAIN,54.0
2010-07-28,HEAVY_RAIN,47.5
2010-07-28,PROLONGED_RAIN,55.0
2010-07-28,EXTREME_HUMIDITY,93.57
2010-07-29,PROLONGED_RAIN,56.0
2010-07-29,HEAVY_RAIN,154.45
2010-07-29,EXTREME_HUMIDITY,94.13
2010-07-30,PROLONGED_RAIN,57.0
2010-07-30,EXTREME_HUMIDITY,92.82
2010-07-30,HEAVY_RAIN,120.53
2010-07-31,HEAVY_RAIN,66.33
2010-07-31,EXTREME_HUMIDITY,91.27
2010-07-31,PROLONGED_RAIN,58.0
2010-08-01,EXTREME_HUMIDITY,90.68
2010-08-01,PROLONGED_RAIN,59.0
2010-08-02,PROLONGED_RAIN,60.0
2010-08-02,EXTREME_HUMIDITY,91.42
2010-08-03,PROLONGED_RAIN,61.0
2010-08-03,EXTREME_HUMIDITY,93.49
2010-08-04,PROLONGED_RAIN,62.0
2010-08-04,EXTREME_HUMIDITY,93.87
2010-08-05,PROLONGED_RAIN,63.0
2010-08-05,EXTREME_HUMIDITY,91.29
2010-08-06,EXTREME_HUMIDITY,90.86
2010-08-06,PROLONGED_RAIN,64.0
2010-08-07,PROLONGED_RAIN,65.0
2010-08-07,EXTREME_HUMIDITY,92.08
2010-08-08,PROLONGED_RAIN,66.0
2010-08-08,EXTREME_HUMIDITY,90.48
2010-08-09,EXTREME_HUMIDITY,88.41
2010-08-09,PROLONGED_RAIN,67.0
2010-08-10,PROLONGED_RAIN,68.0
2010-08-10,EXTREME_HUMIDITY,87.84
2010-08-11,PROLONGED_RAIN,69.0
2010-08-11,EXTREME_HUMIDITY,89.28
2010-08-12,PROLONGED_RAIN,70.0
2010-08-12,EXTREME_HUMIDITY,91.76
2010-08-13,PROLONGED_RAIN,71.0
2010-08-13,EXTREME_HUMIDITY,91.3
2010-08-14,EXTREME_HUMIDITY,91.52
2010-08-14,PROLONGED_RAIN,72.0
2010-08-15,EXTREME_HUMIDITY,93.28
2010-08-15,HEAVY_RAIN,27.94
2010-08-15,PROLONGED_RAIN,73.0
2010-08-16,HEAVY_RAIN,50.31
2010-08-16,EXTREME_HUMIDITY,94.58
2010-08-16,PROLONGED_RAIN,74.0
2010-08-17,EXTREME_HUMIDITY,91.96
2010-08-17,PROLONGED_RAIN,75.0
2010-08-17,HEAVY_RAIN,38.48
2010-08-18,EXTREME_HUMIDITY,92.9
2010-08-18,PROLONGED_RAIN,76.0
2010-08-19,PROLONGED_RAIN,77.0
2010-08-19,EXTREME_HUMIDITY,92.08
2010-08-20,PROLONGED_RAIN,78.0
2010-08-20,EXTREME_HUMIDITY,91.82
2010-08-21,PROLONGED_RAIN,79.0
2010-08-21,EXTREME_HUMIDITY,92.22
2010-08-21,HEAVY_RAIN,35.29
2010-08-22,PROLONGED_RAIN,80.0
2010-08-22,EXTREME_HUMIDITY,92.88
2010-08-22,HEAVY_RAIN,36.15
2010-08-23,PROLONGED_RAIN,81.0
2010-08-23,EXTREME_HUMIDITY,93.28
2010-08-24,EXTREME_HUMIDITY,94.3
2010-08-24,HEAVY_RAIN,63.24
2010-08-24,PROLONGED_RAIN,82.0
2010-08-25,PROLONGED_RAIN,83.0
2010-08-25,HEAVY_RAIN,50.77
2010-08-25,EXTREME_HUMIDITY,93.76
2010-08-26,HEAVY_RAIN,39.37
2010-08-26,PROLONGED_RAIN,84.0
2010-08-26,EXTREME_HUMIDITY,93.16
2010-08-27,PROLONGED_RAIN,85.0
2010-08-27,EXTREME_HUMIDITY,94.02
2010-08-28,EXTREME_HUMIDITY,92.97
2010-08-28,PROLONGED_RAIN,86.0
2010-08-29,EXTREME_HUMIDITY,94.18
2010-08-29,PROLONGED_RAIN,87.0
2010-08-30,EXTREME_HUMIDITY,94.02
2010-08-30,HEAVY_RAIN,69.55
2010-08-30,PROLONGED_RAIN,88.0
2010-08-31,EXTREME_HUMIDITY,93.47
2010-08-31,PROLONGED_RAIN,89.0
2010-09-01,PROLONGED_RAIN,90.0
2010-09-01,EXTREME_HUMIDITY,92.17
2010-09-02,EXTREME_HUMIDITY,90.68
2010-09-02,PROLONGED_RAIN,91.0
2010-09-03,EXTREME_HUMIDITY,92.66
2010-09-03,PROLONGED_RAIN,92.0
2010-09-04,PROLONGED_RAIN,93.0
2010-09-04,EXTREME_HUMIDITY,91.92
2010-09-05,EXTREME_HUMIDITY,92.98
2010-09-05,PROLONGED_RAIN,94.0
2010-09-06,EXTREME_HUMIDITY,92.55
2010-09-06,PROLONGED_RAIN,95.0
2010-09-06,HEAVY_RAIN,37.38
2010-09-07,EXTREME_HUMIDITY,93.32
2010-09-07,PROLONGED_RAIN,96.0
2010-09-07,HEAVY_RAIN,35.48
2010-09-08,EXTREME_HUMIDITY,92.02
2010-09-08,HEAVY_RAIN,31.96
2010-09-08,PROLONGED_RAIN,97.0
2010-09-09,HEAVY_RAIN,30.32
2010-09-09,EXTREME_HUMIDITY,92.58
2010-09-09,PROLONGED_RAIN,98.0
2010-09-10,EXTREME_HUMIDITY,92.79
2010-09-10,PROLONGED_RAIN,99.0
2010-09-10,HEAVY_RAIN,57.44
2010-09-11,PROLONGED_RAIN,100.0
2010-09-11,EXTREME_HUMIDITY,90.72
2010-09-12,EXTREME_HUMIDITY,90.63
2010-09-12,PROLONGED_RAIN,101.0
2010-09-13,EXTREME_HUMIDITY,91.59
2010-09-13,PROLONGED_RAIN,102.0
2010-09-14,HEAVY_RAIN,58.2
2010-09-14,PROLONGED_RAIN,103.0
2010-09-14,EXTREME_HUMIDITY,90.05
2010-09-15,HEAVY_RAIN,38.59
2010-09-15,PROLONGED_RAIN,104.0
2010-09-15,EXTREME_HUMIDITY,92.18
2010-09-16,PROLONGED_RAIN,105.0
2010-09-16,EXTREME_HUMIDITY,87.86
2010-09-17,EXTREME_HUMIDITY,90.69
2010-09-17,PROLONGED_RAIN,106.0
2010-09-18,EXTREME_HUMIDITY,88.81
2010-09-18,PROLONGED_RAIN,107.0
2010-09-19,EXTREME_HUMIDITY,86.83
2010-09-20,EXTREME_HUMIDITY,83.89
2010-09-21,EXTREME_HUMIDITY,84.39
2010-09-22,EXTREME_HUMIDITY,88.51
2010-09-23,HEAVY_RAIN,85.8
2010-09-23,EXTREME_HUMIDITY,89.26
2010-09-23,PROLONGED_RAIN,3.0
2010-09-24,PROLONGED_RAIN,4.0
2010-09-24,EXTREME_HUMIDITY,87.84
2010-09-25,PROLONGED_RAIN,5.0
2010-09-25,EXTREME_HUMIDITY,88.05
2010-09-26,EXTREME_HUMIDITY,86.1
2010-09-26,PROLONGED_RAIN,6.0
2010-09-27,EXTREME_HUMIDITY,87.74
2010-09-27,PROLONGED_RAIN,7.0
2010-09-28,PROLONGED_RAIN,8.0
2010-09-28,EXTREME_HUMIDITY,87.28
2010-09-29,EXTREME_HUMIDITY,85.01
2010-09-29,PROLONGED_RAIN,9.0
2010-09-30,PROLONGED_RAIN,10.0
2010-09-30,EXTREME_HUMIDITY,83.66
2010-10-01,PROLONGED_RAIN,11.0
2010-10-01,EXTREME_HUMIDITY,84.7
2010-10-02,PROLONGED_RAIN,12.0
2010-10-02,EXTREME_HUMIDITY,89.07
2010-10-02,HEAVY_RAIN,30.39
2010-10-03,EXTREME_HUMIDITY,86.96
2010-10-03,PROLONGED_RAIN,13.0
2010-10-04,EXTREME_HUMIDITY,85.89
2010-10-04,PROLONGED_RAIN,14.0
2010-10-05,PROLONGED_RAIN,15.0
2010-10-05,EXTREME_HUMIDITY,87.36
2010-10-06,EXTREME_HUMIDITY,90.92
2010-10-06,PROLONGED_RAIN,16.0
2010-10-07,EXTREME_HUMIDITY,88.42
2010-10-07,PROLONGED_RAIN,17.0
2010-10-08,PROLONGED_RAIN,18.0
2010-10-08,EXTREME_HUMIDITY,88.03
2010-10-09,EXTREME_HUMIDITY,86.61
2010-10-10,EXTREME_HUMIDITY,85.06
2010-10-13,EXTREME_HUMIDITY,86.1
2010-10-14,EXTREME_HUMIDITY,88.69
2010-10-14,PROLONGED_RAIN,3.0
2010-10-15,PROLONGED_RAIN,4.0
2010-10-15,EXTREME_HUMIDITY,88.17
2010-10-16,EXTREME_HUMIDITY,88.29
2010-10-16,PROLONGED_RAIN,5.0
2010-10-17,EXTREME_HUMIDITY,86.79
2010-10-17,PROLONGED_RAIN,6.0
2010-10-18,PROLONGED_RAIN,7.0
2010-10-18,EXTREME_HUMIDITY,86.96
2010-10-19,EXTREME_HUMIDITY,88.21
2010-10-19,PROLONGED_RAIN,8.0
2010-10-20,EXTREME_HUMIDITY,88.58
2010-10-21,HEAVY_RAIN,84.89
2010-10-21,EXTREME_HUMIDITY,90.23
2010-10-22,EXTREME_HUMIDITY,91.57
2010-10-22,HEAVY_RAIN,67.78
2010-10-23,PROLONGED_RAIN,3.0
2010-10-23,EXTREME_HUMIDITY,91.68
2010-10-24,PROLONGED_RAIN,4.0
2010-10-24,EXTREME_HUMIDITY,88.92
2010-10-25,EXTREME_HUMIDITY,87.13
2010-10-26,EXTREME_HUMIDITY,86.88
2010-10-27,EXTREME_HUMIDITY,90.09
2010-10-28,EXTREME_HUMIDITY,85.59
2010-10-29,EXTREME_HUMIDITY,83.93
2010-10-31,EXTREME_HUMIDITY,83.99
2010-11-01,PROLONGED_RAIN,3.0
2010-11-01,EXTREME_HUMIDITY,83.55
2010-11-02,HEAVY_RAIN,34.93
2010-11-02,EXTREME_HUMIDITY,89.0
2010-11-02,PROLONGED_RAIN,4.0
2010-11-03,EXTREME_HUMIDITY,87.24
2010-11-03,PROLONGED_RAIN,5.0
2010-11-04,PROLONGED_RAIN,6.0
2010-11-04,EXTREME_HUMIDITY,88.16
2010-11-05,PROLONGED_RAIN,7.0
2010-11-06,EXTREME_HUMIDITY,84.18
2010-11-06,PROLONGED_RAIN,8.0
2010-11-07,HEAVY_RAIN,27.51
2010-11-07,EXTREME_HUMIDITY,86.18
2010-11-07,PROLONGED_RAIN,9.0
2010-11-08,EXTREME_HUMIDITY,92.01
2010-11-08,PROLONGED_RAIN,10.0
2010-11-08,HEAVY_RAIN,29.4
2010-11-09,PROLONGED_RAIN,11.0
2010-11-09,EXTREME_HUMIDITY,88.58
2010-11-10,PROLONGED_RAIN,12.0
2010-11-10,EXTREME_HUMIDITY,87.97
2010-11-11,HEAVY_RAIN,48.3
2010-11-11,EXTREME_HUMIDITY,92.18
2010-11-11,PROLONGED_RAIN,13.0
2010-11-12,EXTREME_HUMIDITY,85.38
2010-11-13,EXTREME_HUMIDITY,87.22
2010-11-14,EXTREME_HUMIDITY,85.23
2010-11-15,EXTREME_HUMIDITY,88.83
2010-11-15,PROLONGED_RAIN,3.0
2010-11-16,EXTREME_HUMIDITY,86.05
2010-11-16,PROLONGED_RAIN,4.0
2010-11-17,EXTREME_HUMIDITY,86.51
2010-11-17,PROLONGED_RAIN,5.0
2010-11-18,EXTREME_HUMIDITY,85.85
2010-11-18,PROLONGED_RAIN,6.0
2010-11-19,PROLONGED_RAIN,7.0
2010-11-20,PROLONGED_RAIN,8.0
2010-11-21,EXTREME_HUMIDITY,87.81
2010-11-21,PROLONGED_RAIN,9.0
2010-11-22,PROLONGED_RAIN,10.0
2010-11-22,EXTREME_HUMIDITY,86.56
2010-11-23,EXTREME_HUMIDITY,86.72
2010-11-23,PROLONGED_RAIN,11.0
2010-11-24,EXTREME_HUMIDITY,84.55
2010-12-09,EXTREME_HUMIDITY,85.12
2010-12-10,EXTREME_HUMIDITY,86.48
2010-12-11,EXTREME_HUMIDITY,84.84
2010-12-16,EXTREME_HUMIDITY,84.25
2010-12-17,EXTREME_HUMIDITY,83.78
2011-04-16,PROLONGED_RAIN,3.0
2011-04-21,EXTREME_HUMIDITY,84.02
2011-04-21,PROLONGED_RAIN,3.0
2011-04-22,PROLONGED_RAIN,4.0
2011-04-23,PROLONGED_RAIN,5.0
2011-05-19,PROLONGED_RAIN,3.0
2011-05-27,PROLONGED_RAIN,3.0
2011-05-28,PROLONGED_RAIN,4.0
2011-05-29,PROLONGED_RAIN,5.0
2011-05-30,PROLONGED_RAIN,6.0
2011-05-31,EXTREME_HUMIDITY,85.46
2011-05-31,HEAVY_RAIN,27.04
2011-05-31,PROLONGED_RAIN,7.0
2011-06-01,PROLONGED_RAIN,8.0
2011-06-01,EXTREME_HUMIDITY,87.59
2011-06-02,EXTREME_HUMIDITY,87.48
2011-06-02,HEAVY_RAIN,68.7
2011-06-02,PROLONGED_RAIN,9.0
2011-06-03,PROLONGED_RAIN,10.0
2011-06-03,HEAVY_RAIN,26.22
2011-06-03,EXTREME_HUMIDITY,85.28
2011-06-04,HEAVY_RAIN,28.59
2011-06-04,PROLONGED_RAIN,11.0
2011-06-05,EXTREME_HUMIDITY,84.72
2011-06-05,PROLONGED_RAIN,12.0
2011-06-05,HEAVY_RAIN,43.53
2011-06-06,HEAVY_RAIN,66.23
2011-06-06,PROLONGED_RAIN,13.0
2011-06-06,EXTREME_HUMIDITY,90.72
2011-06-07,HEAVY_RAIN,33.83
2011-06-07,PROLONGED_RAIN,14.0
2011-06-07,EXTREME_HUMIDITY,84.92
2011-06-08,PROLONGED_RAIN,15.0
2011-06-08,EXTREME_HUMIDITY,87.04
2011-06-09,EXTREME_HUMIDITY,87.22
2011-06-09,HEAVY_RAIN,30.18
2011-06-09,PROLONGED_RAIN,16.0
2011-06-10,EXTREME_HUMIDITY,85.88
2011-06-11,EXTREME_HUMIDITY,85.25
2011-06-12,EXTREME_HUMIDITY,87.34
2011-06-13,EXTREME_HUMIDITY,87.84
2011-06-13,HEAVY_RAIN,30.18
2011-06-14,HEAVY_RAIN,27.27
2011-06-14,EXTREME_HUMIDITY,86.16
2011-06-15,EXTREME_HUMIDITY,90.06
2011-06-15,PROLONGED_RAIN,3.0
2011-06-15,HEAVY_RAIN,45.33
2011-06-16,PROLONGED_RAIN,4.0
2011-06-16,EXTREME_HUMIDITY,83.87
2011-06-16,HEAVY_RAIN,27.27
2011-06-17,EXTREME_HUMIDITY,84.37
2011-06-17,PROLONGED_RAIN,5.0
2011-06-18,PROLONGED_RAIN,6.0
2011-06-18,EXTREME_HUMIDITY,90.59
2011-06-19,EXTREME_HUMIDITY,86.61
2011-06-19,PROLONGED_RAIN,7.0
2011-06-20,EXTREME_HUMIDITY,84.61
2011-06-21,EXTREME_HUMIDITY,84.73
2011-06-22,EXTREME_HUMIDITY,86.62
2011-06-22,HEAVY_RAIN,32.41
2011-06-23,PROLONGED_RAIN,3.0
2011-06-23,EXTREME_HUMIDITY,86.79
2011-06-24,PROLONGED_RAIN,4.0
2011-06-24,EXTREME_HUMIDITY,87.45
2011-06-25,PROLONGED_RAIN,5.0
2011-06-25,EXTREME_HUMIDITY,88.76
2011-06-25,HEAVY_RAIN,36.63
2011-06-26,EXTREME_HUMIDITY,91.07
2011-06-26,PROLONGED_RAIN,6.0
2011-06-26,HEAVY_RAIN,30.64
2011-06-27,EXTREME_HUMIDITY,89.96
2011-06-27,PROLONGED_RAIN,7.0
2011-06-27,HEAVY_RAIN,36.92
2011-06-28,EXTREME_HUMIDITY,87.32
2011-06-28,PROLONGED_RAIN,8.0
2011-06-29,EXTREME_HUMIDITY,87.68
2011-06-29,HEAVY_RAIN,36.86
2011-06-29,PROLONGED_RAIN,9.0
2011-06-30,HEAVY_RAIN,29.76
2011-06-30,PROLONGED_RAIN,10.0
2011-06-30,EXTREME_HUMIDITY,88.95
2011-07-01,EXTREME_HUMIDITY,90.47
2011-07-01,PROLONGED_RAIN,11.0
2011-07-01,HEAVY_RAIN,47.55
2011-07-02,PROLONGED_RAIN,12.0
2011-07-02,EXTREME_HUMIDITY,88.06
2011-07-02,HEAVY_RAIN,37.72
2011-07-03,EXTREME_HUMIDITY,88.91
2011-07-03,PROLONGED_RAIN,13.0
2011-07-03,HEAVY_RAIN,34.02
2011-07-04,EXTREME_HUMIDITY,89.82
2011-07-04,PROLONGED_RAIN,14.0
2011-07-05,EXTREME_HUMIDITY,85.1
2011-07-05,PROLONGED_RAIN,15.0
2011-07-05,HEAVY_RAIN,29.16
2011-07-06,HEAVY_RAIN,49.19
2011-07-06,EXTREME_HUMIDITY,86.85
2011-07-06,PROLONGED_RAIN,16.0
2011-07-07,EXTREME_HUMIDITY,89.64
2011-07-07,PROLONGED_RAIN,17.0
2011-07-08,EXTREME_HUMIDITY,91.05
2011-07-08,PROLONGED_RAIN,18.0
2011-07-09,EXTREME_HUMIDITY,88.39
2011-07-09,PROLONGED_RAIN,19.0
2011-07-10,EXTREME_HUMIDITY,90.65
2011-07-10,HEAVY_RAIN,35.51
2011-07-10,PROLONGED_RAIN,20.0
2011-07-11,EXTREME_HUMIDITY,91.12
2011-07-11,PROLONGED_RAIN,21.0
2011-07-12,PROLONGED_RAIN,22.0
2011-07-12,EXTREME_HUMIDITY,92.84
2011-07-13,HEAVY_RAIN,58.8
2011-07-13,EXTREME_HUMIDITY,90.39
2011-07-13,PROLONGED_RAIN,23.0
2011-07-14,HEAVY_RAIN,53.99
2011-07-14,EXTREME_HUMIDITY,90.59
2011-07-14,PROLONGED_RAIN,24.0
2011-07-15,PROLONGED_RAIN,25.0
2011-07-15,EXTREME_HUMIDITY,92.63
2011-07-15,HEAVY_RAIN,78.72
2011-07-16,EXTREME_HUMIDITY,93.9
2011-07-16,HEAVY_RAIN,76.94
2011-07-16,PROLONGED_RAIN,26.0
2011-07-17,HEAVY_RAIN,78.05
2011-07-17,EXTREME_HUMIDITY,94.25
2011-07-17,PROLONGED_RAIN,27.0
2011-07-18,PROLONGED_RAIN,28.0
2011-07-18,HEAVY_RAIN,39.7
2011-07-18,EXTREME_HUMIDITY,92.55
2011-07-19,PROLONGED_RAIN,29.0
2011-07-19,EXTREME_HUMIDITY,92.02
2011-07-20,EXTREME_HUMIDITY,92.28
2011-07-20,PROLONGED_RAIN,30.0
2011-07-21,HEAVY_RAIN,29.88
2011-07-21,EXTREME_HUMIDITY,91.49
2011-07-21,PROLONGED_RAIN,31.0
2011-07-22,PROLONGED_RAIN,32.0
2011-07-22,EXTREME_HUMIDITY,91.64
2011-07-23,EXTREME_HUMIDITY,92.19
2011-07-23,PROLONGED_RAIN,33.0
2011-07-24,EXTREME_HUMIDITY,91.89
2011-07-24,PROLONGED_RAIN,34.0
2011-07-24,HEAVY_RAIN,28.54
2011-07-25,PROLONGED_RAIN,35.0
2011-07-25,HEAVY_RAIN,57.81
2011-07-25,EXTREME_HUMIDITY,92.82
2011-07-26,HEAVY_RAIN,28.27
2011-07-26,EXTREME_HUMIDITY,94.28
2011-07-26,PROLONGED_RAIN,36.0
2011-07-27,EXTREME_HUMIDITY,92.88
2011-07-27,PROLONGED_RAIN,37.0
2011-07-28,EXTREME_HUMIDITY,92.63
2011-07-28,PROLONGED_RAIN,38.0
2011-07-29,EXTREME_HUMIDITY,91.09
2011-07-29,PROLONGED_RAIN,39.0
2011-07-30,HEAVY_RAIN,26.35
2011-07-30,EXTREME_HUMIDITY,92.39
2011-07-30,PROLONGED_RAIN,40.0
2011-07-31,EXTREME_HUMIDITY,92.11
2011-07-31,PROLONGED_RAIN,41.0
2011-08-01,HEAVY_RAIN,35.24
2011-08-01,EXTREME_HUMIDITY,91.89
2011-08-01,PROLONGED_RAIN,42.0
2011-08-02,EXTREME_HUMIDITY,92.62
2011-08-02,PROLONGED_RAIN,43.0
2011-08-02,HEAVY_RAIN,83.43
2011-08-03,PROLONGED_RAIN,44.0
2011-08-03,EXTREME_HUMIDITY,93.56
2011-08-03,HEAVY_RAIN,60.67
2011-08-04,PROLONGED_RAIN,45.0
2011-08-04,EXTREME_HUMIDITY,92.9
2011-08-04,HEAVY_RAIN,28.67
2011-08-05,EXTREME_HUMIDITY,92.57
2011-08-05,PROLONGED_RAIN,46.0
2011-08-05,HEAVY_RAIN,33.55
2011-08-06,PROLONGED_RAIN,47.0
2011-08-06,HEAVY_RAIN,54.62
2011-08-06,EXTREME_HUMIDITY,93.51
2011-08-07,EXTREME_HUMIDITY,93.02
2011-08-07,PROLONGED_RAIN,48.0
2011-08-07,HEAVY_RAIN,28.05
2011-08-08,PROLONGED_RAIN,49.0
2011-08-08,EXTREME_HUMIDITY,92.48
2011-08-09,PROLONGED_RAIN,50.0
2011-08-09,EXTREME_HUMIDITY,91.26
2011-08-10,EXTREME_HUMIDITY,91.67
2011-08-10,PROLONGED_RAIN,51.0
2011-08-11,HEAVY_RAIN,37.05
2011-08-11,EXTREME_HUMIDITY,91.7
2011-08-11,PROLONGED_RAIN,52.0
2011-08-12,EXTREME_HUMIDITY,91.99
2011-08-12,PROLONGED_RAIN,53.0
2011-08-13,PROLONGED_RAIN,54.0
2011-08-13,EXTREME_HUMIDITY,90.01
2011-08-14,PROLONGED_RAIN,55.0
2011-08-14,EXTREME_HUMIDITY,90.04
2011-08-15,PROLONGED_RAIN,56.0
2011-08-15,HEAVY_RAIN,27.26
2011-08-15,EXTREME_HUMIDITY,91.96
2011-08-16,PROLONGED_RAIN,57.0
2011-08-16,EXTREME_HUMIDITY,92.7
2011-08-16,HEAVY_RAIN,52.29
2011-08-17,PROLONGED_RAIN,58.0
2011-08-17,EXTREME_HUMIDITY,90.0
2011-08-18,HEAVY_RAIN,63.1
2011-08-18,PROLONGED_RAIN,59.0
2011-08-18,EXTREME_HUMIDITY,92.49
2011-08-19,EXTREME_HUMIDITY,92.98
2011-08-19,HEAVY_RAIN,51.2
2011-08-19,PROLONGED_RAIN,60.0
2011-08-20,HEAVY_RAIN,51.92
2011-08-20,PROLONGED_RAIN,61.0
2011-08-20,EXTREME_HUMIDITY,94.48
2011-08-21,PROLONGED_RAIN,62.0
2011-08-21,EXTREME_HUMIDITY,88.68
2011-08-22,PROLONGED_RAIN,63.0
2011-08-22,EXTREME_HUMIDITY,86.0
2011-08-23,PROLONGED_RAIN,64.0
2011-08-23,EXTREME_HUMIDITY,89.14
2011-08-24,EXTREME_HUMIDITY,92.34
2011-08-24,PROLONGED_RAIN,65.0
2011-08-25,EXTREME_HUMIDITY,92.46
2011-08-25,PROLONGED_RAIN,66.0
2011-08-26,EXTREME_HUMIDITY,91.61
2011-08-26,PROLONGED_RAIN,67.0
2011-08-27,EXTREME_HUMIDITY,91.81
2011-08-27,PROLONGED_RAIN,68.0
2011-08-28,EXTREME_HUMIDITY,90.33
2011-08-28,PROLONGED_RAIN,69.0
2011-08-29,EXTREME_HUMIDITY,91.21
2011-08-29,HEAVY_RAIN,25.6
2011-08-29,PROLONGED_RAIN,70.0
2011-08-30,PROLONGED_RAIN,71.0
2011-08-30,HEAVY_RAIN,36.61
2011-08-30,EXTREME_HUMIDITY,91.29
2011-08-31,EXTREME_HUMIDITY,93.37
2011-08-31,HEAVY_RAIN,67.82
2011-08-31,PROLONGED_RAIN,72.0
2011-09-01,EXTREME_HUMIDITY,94.81
2011-09-01,PROLONGED_RAIN,73.0
2011-09-01,HEAVY_RAIN,43.63
2011-09-02,EXTREME_HUMIDITY,93.51
2011-09-02,PROLONGED_RAIN,74.0
2011-09-02,HEAVY_RAIN,57.64
2011-09-03,PROLONGED_RAIN,75.0
2011-09-03,HEAVY_RAIN,26.58
2011-09-03,EXTREME_HUMIDITY,93.31
2011-09-04,PROLONGED_RAIN,76.0
2011-09-04,EXTREME_HUMIDITY,92.33
2011-09-05,PROLONGED_RAIN,77.0
2011-09-05,EXTREME_HUMIDITY,91.49
2011-09-06,PROLONGED_RAIN,78.0
2011-09-06,EXTREME_HUMIDITY,90.82
2011-09-07,PROLONGED_RAIN,79.0
2011-09-07,EXTREME_HUMIDITY,91.68
2011-09-08,EXTREME_HUMIDITY,92.02
2011-09-08,PROLONGED_RAIN,80.0
2011-09-09,PROLONGED_RAIN,81.0
2011-09-09,EXTREME_HUMIDITY,91.95
2011-09-10,EXTREME_HUMIDITY,91.24
2011-09-10,PROLONGED_RAIN,82.0
2011-09-11,EXTREME_HUMIDITY,89.48
2011-09-11,PROLONGED_RAIN,83.0
2011-09-12,EXTREME_HUMIDITY,90.35
2011-09-12,PROLONGED_RAIN,84.0
2011-09-13,HEAVY_RAIN,28.63
2011-09-13,PROLONGED_RAIN,85.0
2011-09-13,EXTREME_HUMIDITY,90.34
2011-09-14,PROLONGED_RAIN,86.0
2011-09-14,EXTREME_HUMIDITY,89.77
2011-09-14,HEAVY_RAIN,48.99
2011-09-15,HEAVY_RAIN,51.12
2011-09-15,EXTREME_HUMIDITY,91.9
2011-09-15,PROLONGED_RAIN,87.0
2011-09-16,EXTREME_HUMIDITY,89.87
2011-09-16,PROLONGED_RAIN,88.0
2011-09-17,EXTREME_HUMIDITY,88.78
2011-09-17,PROLONGED_RAIN,89.0
2011-09-18,HEAVY_RAIN,51.32
2011-09-18,PROLONGED_RAIN,90.0
2011-09-18,EXTREME_HUMIDITY,91.04
2011-09-19,PROLONGED_RAIN,91.0
2011-09-19,EXTREME_HUMIDITY,90.03
2011-09-20,PROLONGED_RAIN,92.0
2011-09-20,EXTREME_HUMIDITY,90.17
2011-09-21,PROLONGED_RAIN,93.0
2011-09-21,EXTREME_HUMIDITY,88.86
2011-09-22,EXTREME_HUMIDITY,86.26
2011-09-23,EXTREME_HUMIDITY,85.52
2011-09-27,EXTREME_HUMIDITY,84.24
2011-09-29,EXTREME_HUMIDITY,85.35
2011-09-30,EXTREME_HUMIDITY,84.41
2011-10-01,EXTREME_HUMIDITY,84.75
2011-10-02,EXTREME_HUMIDITY,86.54
2011-10-03,EXTREME_HUMIDITY,84.38
2011-10-07,EXTREME_HUMIDITY,83.68
2011-10-08,EXTREME_HUMIDITY,85.48
2011-10-09,EXTREME_HUMIDITY,88.35
2011-10-10,EXTREME_HUMIDITY,90.23
2011-10-10,PROLONGED_RAIN,3.0
2011-10-11,EXTREME_HUMIDITY,87.16
2011-10-11,HEAVY_RAIN,36.21
2011-10-11,PROLONGED_RAIN,4.0
2011-10-12,EXTREME_HUMIDITY,84.2
2011-10-12,PROLONGED_RAIN,5.0
2011-10-13,EXTREME_HUMIDITY,85.93
2011-10-13,PROLONGED_RAIN,6.0
2011-10-14,EXTREME_HUMIDITY,85.59
2011-10-14,PROLONGED_RAIN,7.0
2011-10-15,EXTREME_HUMIDITY,87.97
2011-10-15,PROLONGED_RAIN,8.0
2011-10-16,PROLONGED_RAIN,9.0
2011-10-16,EXTREME_HUMIDITY,86.82
2011-10-17,EXTREME_HUMIDITY,86.69
2011-10-17,PROLONGED_RAIN,10.0
2011-10-20,EXTREME_HUMIDITY,86.22
2011-10-21,EXTREME_HUMIDITY,83.72
2011-10-23,HEAVY_RAIN,26.17
2011-10-25,PROLONGED_RAIN,3.0
2011-10-26,PROLONGED_RAIN,4.0
2011-10-27,PROLONGED_RAIN,5.0
2011-10-27,EXTREME_HUMIDITY,83.5
2011-10-31,PROLONGED_RAIN,3.0
2011-11-01,PROLONGED_RAIN,4.0
2011-11-02,PROLONGED_RAIN,5.0
2011-11-02,EXTREME_HUMIDITY,84.64
2011-11-02,HEAVY_RAIN,29.92
2011-11-03,PROLONGED_RAIN,6.0
2011-11-03,EXTREME_HUMIDITY,86.19
2011-11-04,EXTREME_HUMIDITY,84.96
2011-11-05,EXTREME_HUMIDITY,85.33
2011-11-06,EXTREME_HUMIDITY,86.86
2011-11-28,EXTREME_HUMIDITY,88.38
2011-11-29,EXTREME_HUMIDITY,85.68
2012-02-27,EXTREME_HEAT,35.14
2012-03-13,EXTREME_HEAT,35.61
2012-03-17,EXTREME_HEAT,34.78
2012-04-12,PROLONGED_RAIN,3.0
2012-04-25,PROLONGED_RAIN,3.0
2012-04-26,PROLONGED_RAIN,4.0
2012-04-27,PROLONGED_RAIN,5.0
2012-04-28,PROLONGED_RAIN,6.0
2012-05-12,EXTREME_HUMIDITY,85.45
2012-06-04,HEAVY_RAIN,34.19
2012-06-04,PROLONGED_RAIN,3.0
2012-06-05,HEAVY_RAIN,30.91
2012-06-05,PROLONGED_RAIN,4.0
2012-06-06,PROLONGED_RAIN,5.0
2012-06-06,HEAVY_RAIN,28.84
2012-06-07,PROLONGED_RAIN,6.0
2012-06-08,PROLONGED_RAIN,7.0
2012-06-09,EXTREME_HUMIDITY,85.48
2012-06-09,PROLONGED_RAIN,8.0
2012-06-10,PROLONGED_RAIN,9.0
2012-06-11,PROLONGED_RAIN,10.0
2012-06-11,EXTREME_HUMIDITY,84.4
2012-06-11,HEAVY_RAIN,28.12
2012-06-12,PROLONGED_RAIN,11.0
2012-06-12,EXTREME_HUMIDITY,84.13
2012-06-12,HEAVY_RAIN,66.85
2012-06-13,PROLONGED_RAIN,12.0
2012-06-14,PROLONGED_RAIN,13.0
2012-06-15,PROLONGED_RAIN,14.0
2012-06-15,EXTREME_HUMIDITY,84.47
2012-06-16,PROLONGED_RAIN,15.0
2012-06-16,EXTREME_HUMIDITY,86.7
2012-06-17,HEAVY_RAIN,95.43
2012-06-17,EXTREME_HUMIDITY,90.56
2012-06-17,PROLONGED_RAIN,16.0
2012-06-18,HEAVY_RAIN,86.82
2012-06-18,EXTREME_HUMIDITY,93.28
2012-06-18,PROLONGED_RAIN,17.0
2012-06-19,HEAVY_RAIN,34.98
2012-06-19,EXTREME_HUMIDITY,92.09
2012-06-19,PROLONGED_RAIN,18.0
2012-06-20,HEAVY_RAIN,27.39
2012-06-20,EXTREME_HUMIDITY,88.95
2012-06-20,PROLONGED_RAIN,19.0
2012-06-21,PROLONGED_RAIN,20.0
2012-06-21,EXTREME_HUMIDITY,88.36
2012-06-22,EXTREME_HUMIDITY,88.73
2012-06-22,PROLONGED_RAIN,21.0
2012-06-23,EXTREME_HUMIDITY,88.0
2012-06-23,PROLONGED_RAIN,22.0
2012-06-24,PROLONGED_RAIN,23.0
2012-06-24,EXTREME_HUMIDITY,87.46
2012-06-24,HEAVY_RAIN,33.47
2012-06-25,EXTREME_HUMIDITY,88.56
2012-06-25,PROLONGED_RAIN,24.0
2012-06-26,HEAVY_RAIN,32.52
2012-06-26,EXTREME_HUMIDITY,87.3
2012-06-26,PROLONGED_RAIN,25.0
2012-06-27,HEAVY_RAIN,26.11
2012-06-27,EXTREME_HUMIDITY,87.52
2012-06-27,PROLONGED_RAIN,26.0
2012-06-28,HEAVY_RAIN,33.73
2012-06-28,PROLONGED_RAIN,27.0
2012-06-28,EXTREME_HUMIDITY,87.15
2012-06-29,HEAVY_RAIN,62.0
2012-06-29,EXTREME_HUMIDITY,90.17
2012-06-29,PROLONGED_RAIN,28.0
2012-06-30,PROLONGED_RAIN,29.0
2012-06-30,EXTREME_HUMIDITY,90.12
2012-07-01,HEAVY_RAIN,52.39
2012-07-01,PROLONGED_RAIN,30.0
2012-07-01,EXTREME_HUMIDITY,90.46
2012-07-02,EXTREME_HUMIDITY,93.3
2012-07-02,HEAVY_RAIN,60.17
2012-07-02,PROLONGED_RAIN,31.0
2012-07-03,PROLONGED_RAIN,32.0
2012-07-03,EXTREME_HUMIDITY,91.4
2012-07-04,PROLONGED_RAIN,33.0
2012-07-04,EXTREME_HUMIDITY,88.85
2012-07-05,PROLONGED_RAIN,34.0
2012-07-05,EXTREME_HUMIDITY,89.37
2012-07-06,PROLONGED_RAIN,35.0
2012-07-06,EXTREME_HUMIDITY,88.82
2012-07-07,PROLONGED_RAIN,36.0
2012-07-07,EXTREME_HUMIDITY,89.74
2012-07-08,PROLONGED_RAIN,37.0
2012-07-08,EXTREME_HUMIDITY,89.49
2012-07-09,HEAVY_RAIN,45.1
2012-07-09,PROLONGED_RAIN,38.0
2012-07-09,EXTREME_HUMIDITY,91.75
2012-07-10,EXTREME_HUMIDITY,90.86
2012-07-10,HEAVY_RAIN,44.9
2012-07-10,PROLONGED_RAIN,39.0
2012-07-11,PROLONGED_RAIN,40.0
2012-07-11,EXTREME_HUMIDITY,91.54
2012-07-12,PROLONGED_RAIN,41.0
2012-07-12,EXTREME_HUMIDITY,90.5
2012-07-13,EXTREME_HUMIDITY,88.92
2012-07-13,PROLONGED_RAIN,42.0
2012-07-14,EXTREME_HUMIDITY,90.47
2012-07-14,PROLONGED_RAIN,43.0
2012-07-15,EXTREME_HUMIDITY,89.56
2012-07-15,HEAVY_RAIN,27.13
2012-07-15,PROLONGED_RAIN,44.0
2012-07-16,EXTREME_HUMIDITY,89.14
2012-07-16,PROLONGED_RAIN,45.0
2012-07-17,PROLONGED_RAIN,46.0
2012-07-17,EXTREME_HUMIDITY,88.01
2012-07-18,PROLONGED_RAIN,47.0
2012-07-18,EXTREME_HUMIDITY,90.07
2012-07-19,PROLONGED_RAIN,48.0
2012-07-19,EXTREME_HUMIDITY,90.02
2012-07-20,PROLONGED_RAIN,49.0
2012-07-20,EXTREME_HUMIDITY,91.34
2012-07-21,PROLONGED_RAIN,50.0
2012-07-21,HEAVY_RAIN,28.98
2012-07-21,EXTREME_HUMIDITY,91.04
2012-07-22,PROLONGED_RAIN,51.0
2012-07-22,EXTREME_HUMIDITY,91.49
2012-07-23,PROLONGED_RAIN,52.0
2012-07-23,EXTREME_HUMIDITY,90.85
2012-07-24,EXTREME_HUMIDITY,90.09
2012-07-24,PROLONGED_RAIN,53.0
2012-07-25,PROLONGED_RAIN,54.0
2012-07-25,EXTREME_HUMIDITY,91.3
2012-07-26,EXTREME_HUMIDITY,91.63
2012-07-26,PROLONGED_RAIN,55.0
2012-07-27,PROLONGED_RAIN,56.0
2012-07-27,EXTREME_HUMIDITY,91.8
2012-07-28,PROLONGED_RAIN,57.0
2012-07-28,EXTREME_HUMIDITY,90.83
2012-07-29,PROLONGED_RAIN,58.0
2012-07-29,EXTREME_HUMIDITY,89.35
2012-07-30,PROLONGED_RAIN,59.0
2012-07-30,EXTREME_HUMIDITY,88.77
2012-07-31,EXTREME_HUMIDITY,87.21
2012-07-31,PROLONGED_RAIN,60.0
2012-08-01,PROLONGED_RAIN,61.0
2012-08-01,EXTREME_HUMIDITY,86.41
2012-08-02,PROLONGED_RAIN,62.0
2012-08-02,EXTREME_HUMIDITY,87.64
2012-08-03,EXTREME_HUMIDITY,89.76
2012-08-03,PROLONGED_RAIN,63.0
2012-08-04,EXTREME_HUMIDITY,91.27
2012-08-04,PROLONGED_RAIN,64.0
2012-08-05,EXTREME_HUMIDITY,90.93
2012-08-05,PROLONGED_RAIN,65.0
2012-08-06,HEAVY_RAIN,41.25
2012-08-06,EXTREME_HUMIDITY,90.38
2012-08-06,PROLONGED_RAIN,66.0
2012-08-07,EXTREME_HUMIDITY,90.35
2012-08-07,PROLONGED_RAIN,67.0
2012-08-07,HEAVY_RAIN,47.25
2012-08-08,PROLONGED_RAIN,68.0
2012-08-08,HEAVY_RAIN,49.61
2012-08-08,EXTREME_HUMIDITY,90.96
2012-08-09,PROLONGED_RAIN,69.0
2012-08-09,HEAVY_RAIN,71.82
2012-08-09,EXTREME_HUMIDITY,91.68
2012-08-10,PROLONGED_RAIN,70.0
2012-08-10,HEAVY_RAIN,92.21
2012-08-10,EXTREME_HUMIDITY,93.07
2012-08-11,EXTREME_HUMIDITY,92.77
2012-08-11,HEAVY_RAIN,77.86
2012-08-11,PROLONGED_RAIN,71.0
2012-08-12,EXTREME_HUMIDITY,91.36
2012-08-12,PROLONGED_RAIN,72.0
2012-08-12,HEAVY_RAIN,48.56
2012-08-13,PROLONGED_RAIN,73.0
2012-08-13,EXTREME_HUMIDITY,91.06
2012-08-14,PROLONGED_RAIN,74.0
2012-08-14,EXTREME_HUMIDITY,88.96
2012-08-15,EXTREME_HUMIDITY,90.24
2012-08-15,PROLONGED_RAIN,75.0
2012-08-16,PROLONGED_RAIN,76.0
2012-08-16,EXTREME_HUMIDITY,89.99
2012-08-17,EXTREME_HUMIDITY,90.2
2012-08-17,PROLONGED_RAIN,77.0
2012-08-17,HEAVY_RAIN,43.29
2012-08-18,EXTREME_HUMIDITY,90.52
2012-08-18,PROLONGED_RAIN,78.0
2012-08-18,HEAVY_RAIN,29.96
2012-08-19,PROLONGED_RAIN,79.0
2012-08-19,EXTREME_HUMIDITY,90.01
2012-08-20,EXTREME_HUMIDITY,88.82
2012-08-20,PROLONGED_RAIN,80.0
2012-08-21,EXTREME_HUMIDITY,89.08
2012-08-21,PROLONGED_RAIN,81.0
2012-08-22,PROLONGED_RAIN,82.0
2012-08-22,EXTREME_HUMIDITY,89.51
2012-08-23,PROLONGED_RAIN,83.0
2012-08-23,EXTREME_HUMIDITY,84.0
2012-08-24,EXTREME_HUMIDITY,85.1
2012-08-24,PROLONGED_RAIN,84.0
2012-08-25,PROLONGED_RAIN,85.0
2012-08-25,EXTREME_HUMIDITY,92.12
2012-08-25,HEAVY_RAIN,91.51
2012-08-26,EXTREME_HUMIDITY,91.08
2012-08-26,PROLONGED_RAIN,86.0
2012-08-26,HEAVY_RAIN,71.45
2012-08-27,HEAVY_RAIN,43.95
2012-08-27,PROLONGED_RAIN,87.0
2012-08-27,EXTREME_HUMIDITY,90.78
2012-08-28,PROLONGED_RAIN,88.0
2012-08-28,EXTREME_HUMIDITY,90.4
2012-08-28,HEAVY_RAIN,55.14
2012-08-29,PROLONGED_RAIN,89.0
2012-08-29,EXTREME_HUMIDITY,93.57
2012-08-29,HEAVY_RAIN,42.15
2012-08-30,EXTREME_HUMIDITY,92.52
2012-08-30,PROLONGED_RAIN,90.0
2012-08-30,HEAVY_RAIN,60.75
2012-08-31,EXTREME_HUMIDITY,92.26
2012-08-31,HEAVY_RAIN,40.67
2012-08-31,PROLONGED_RAIN,91.0
2012-09-01,EXTREME_HUMIDITY,91.84
2012-09-01,PROLONGED_RAIN,92.0
2012-09-01,HEAVY_RAIN,31.23
2012-09-02,HEAVY_RAIN,28.35
2012-09-02,PROLONGED_RAIN,93.0
2012-09-02,EXTREME_HUMIDITY,91.09
2012-09-03,EXTREME_HUMIDITY,93.5
2012-09-03,PROLONGED_RAIN,94.0
2012-09-03,HEAVY_RAIN,60.35
2012-09-04,PROLONGED_RAIN,95.0
2012-09-04,EXTREME_HUMIDITY,92.96
2012-09-04,HEAVY_RAIN,36.91
2012-09-05,EXTREME_HUMIDITY,91.99
2012-09-05,PROLONGED_RAIN,96.0
2012-09-06,PROLONGED_RAIN,97.0
2012-09-06,EXTREME_HUMIDITY,91.48
2012-09-07,PROLONGED_RAIN,98.0
2012-09-07,EXTREME_HUMIDITY,91.68
2012-09-08,EXTREME_HUMIDITY,91.95
2012-09-08,PROLONGED_RAIN,99.0
2012-09-09,EXTREME_HUMIDITY,92.19
2012-09-09,PROLONGED_RAIN,100.0
2012-09-10,PROLONGED_RAIN,101.0
2012-09-10,EXTREME_HUMIDITY,93.76
2012-09-11,PROLONGED_RAIN,102.0
2012-09-11,EXTREME_HUMIDITY,91.53
2012-09-12,PROLONGED_RAIN,103.0
2012-09-12,EXTREME_HUMIDITY,92.27
2012-09-13,PROLONGED_RAIN,104.0
2012-09-13,EXTREME_HUMIDITY,89.61
2012-09-14,EXTREME_HUMIDITY,89.82
2012-09-14,PROLONGED_RAIN,105.0
2012-09-15,PROLONGED_RAIN,106.0
2012-09-15,EXTREME_HUMIDITY,89.08
2012-09-16,PROLONGED_RAIN,107.0
2012-09-16,EXTREME_HUMIDITY,88.52
2012-09-17,EXTREME_HUMIDITY,87.94
2012-09-17,PROLONGED_RAIN,108.0
2012-09-18,EXTREME_HUMIDITY,87.05
2012-09-18,PROLONGED_RAIN,109.0
2012-09-18,HEAVY_RAIN,32.4
2012-09-19,PROLONGED_RAIN,110.0
2012-09-19,EXTREME_HUMIDITY,84.93
2012-09-20,EXTREME_HUMIDITY,84.22
2012-09-22,EXTREME_HUMIDITY,85.34
2012-09-23,EXTREME_HUMIDITY,83.97
2012-09-24,EXTREME_HUMIDITY,85.67
2012-09-25,EXTREME_HUMIDITY,85.54
2012-09-26,EXTREME_HUMIDITY,85.45
2012-09-27,EXTREME_HUMIDITY,86.11
2012-09-28,EXTREME_HUMIDITY,87.7
2012-09-29,EXTREME_HUMIDITY,87.06
2012-09-30,EXTREME_HUMIDITY,89.59
2012-09-30,PROLONGED_RAIN,3.0
2012-10-01,PROLONGED_RAIN,4.0
2012-10-01,EXTREME_HUMIDITY,88.7
2012-10-02,EXTREME_HUMIDITY,92.46
2012-10-02,HEAVY_RAIN,40.52
2012-10-02,PROLONGED_RAIN,5.0
2012-10-03,EXTREME_HUMIDITY,87.56
2012-10-03,PROLONGED_RAIN,6.0
2012-10-04,PROLONGED_RAIN,7.0
2012-10-04,EXTREME_HUMIDITY,88.57
2012-10-05,EXTREME_HUMIDITY,87.25
2012-10-05,PROLONGED_RAIN,8.0
2012-10-06,EXTREME_HUMIDITY,85.39
2012-10-07,EXTREME_HUMIDITY,86.54
2012-10-08,EXTREME_HUMIDITY,83.78
2012-10-09,EXTREME_HUMIDITY,86.45
2012-10-21,PROLONGED_RAIN,3.0
2012-10-21,EXTREME_HUMIDITY,86.51
2012-10-22,PROLONGED_RAIN,4.0
2012-10-22,EXTREME_HUMIDITY,85.92
2012-11-01,EXTREME_HUMIDITY,93.31
2012-11-01,HEAVY_RAIN,34.78
2012-11-02,EXTREME_HUMIDITY,89.28
2012-11-02,PROLONGED_RAIN,3.0
2012-11-03,EXTREME_HUMIDITY,85.65
2012-11-03,PROLONGED_RAIN,4.0
2012-11-04,EXTREME_HUMIDITY,87.52
2012-11-04,PROLONGED_RAIN,5.0
2012-11-05,PROLONGED_RAIN,6.0
2012-11-05,EXTREME_HUMIDITY,91.47
2012-11-06,EXTREME_HUMIDITY,84.3
2012-11-06,PROLONGED_RAIN,7.0
2012-11-07,EXTREME_HUMIDITY,85.97
2012-11-08,EXTREME_HUMIDITY,85.1
2012-11-09,EXTREME_HUMIDITY,86.96
2012-11-23,EXTREME_HUMIDITY,84.29
2013-02-16,PROLONGED_RAIN,3.0
2013-02-17,PROLONGED_RAIN,4.0
2013-03-05,EXTREME_HEAT,35.28
2013-04-08,EXTREME_HEAT,36.38
2013-04-11,EXTREME_HEAT,34.7
2013-04-12,EXTREME_HEAT,35.26
2013-04-13,EXTREME_HEAT,34.74
2013-04-30,EXTREME_HEAT,35.7
2013-05-20,PROLONGED_RAIN,3.0
2013-05-20,HEAVY_RAIN,25.68
2013-05-21,PROLONGED_RAIN,4.0
2013-05-26,EXTREME_HUMIDITY,84.88
2013-05-27,EXTREME_HUMIDITY,83.57
2013-05-27,PROLONGED_RAIN,3.0
2013-05-28,PROLONGED_RAIN,4.0
2013-05-29,PROLONGED_RAIN,5.0
2013-05-30,EXTREME_HUMIDITY,84.91
2013-05-30,PROLONGED_RAIN,6.0
2013-05-30,HEAVY_RAIN,36.94
2013-05-31,PROLONGED_RAIN,7.0
2013-05-31,HEAVY_RAIN,45.04
2013-05-31,EXTREME_HUMIDITY,84.72
2013-06-01,PROLONGED_RAIN,8.0
2013-06-01,EXTREME_HUMIDITY,88.62
2013-06-02,EXTREME_HUMIDITY,88.81
2013-06-02,HEAVY_RAIN,40.87
2013-06-02,PROLONGED_RAIN,9.0
2013-06-03,PROLONGED_RAIN,10.0
2013-06-03,EXTREME_HUMIDITY,87.57
2013-06-04,PROLONGED_RAIN,11.0
2013-06-05,EXTREME_HUMIDITY,83.77
2013-06-05,PROLONGED_RAIN,12.0
2013-06-06,PROLONGED_RAIN,13.0
2013-06-06,EXTREME_HUMIDITY,88.03
2013-06-06,HEAVY_RAIN,28.78
2013-06-07,HEAVY_RAIN,37.49
2013-06-07,EXTREME_HUMIDITY,88.56
2013-06-07,PROLONGED_RAIN,14.0
2013-06-08,PROLONGED_RAIN,15.0
2013-06-08,EXTREME_HUMIDITY,87.06
2013-06-08,HEAVY_RAIN,80.79
2013-06-09,HEAVY_RAIN,28.61
2013-06-09,EXTREME_HUMIDITY,86.31
2013-06-09,PROLONGED_RAIN,16.0
2013-06-10,HEAVY_RAIN,70.38
2013-06-10,EXTREME_HUMIDITY,90.4
2013-06-10,PROLONGED_RAIN,17.0
2013-06-11,PROLONGED_RAIN,18.0
2013-06-11,HEAVY_RAIN,47.92
2013-06-11,EXTREME_HUMIDITY,90.29
2013-06-12,EXTREME_HUMIDITY,89.81
2013-06-12,HEAVY_RAIN,39.61
2013-06-12,PROLONGED_RAIN,19.0
2013-06-13,EXTREME_HUMIDITY,89.85
2013-06-13,PROLONGED_RAIN,20.0
2013-06-13,HEAVY_RAIN,28.51
2013-06-14,EXTREME_HUMIDITY,89.9
2013-06-14,PROLONGED_RAIN,21.0
2013-06-15,HEAVY_RAIN,36.49
2013-06-15,EXTREME_HUMIDITY,89.13
2013-06-15,PROLONGED_RAIN,22.0
2013-06-16,PROLONGED_RAIN,23.0
2013-06-16,EXTREME_HUMIDITY,88.95
2013-06-16,HEAVY_RAIN,40.73
2013-06-17,HEAVY_RAIN,109.36
2013-06-17,PROLONGED_RAIN,24.0
2013-06-17,EXTREME_HUMIDITY,92.17
2013-06-18,HEAVY_RAIN,55.49
2013-06-18,EXTREME_HUMIDITY,91.57
2013-06-18,PROLONGED_RAIN,25.0
2013-06-19,PROLONGED_RAIN,26.0
2013-06-19,EXTREME_HUMIDITY,91.94
2013-06-19,HEAVY_RAIN,60.53
2013-06-20,EXTREME_HUMIDITY,91.57
2013-06-20,PROLONGED_RAIN,27.0
2013-06-21,HEAVY_RAIN,30.96
2013-06-21,PROLONGED_RAIN,28.0
2013-06-21,EXTREME_HUMIDITY,92.32
2013-06-22,PROLONGED_RAIN,29.0
2013-06-22,EXTREME_HUMIDITY,91.71
2013-06-22,HEAVY_RAIN,50.2
2013-06-23,EXTREME_HUMIDITY,92.03
2013-06-23,PROLONGED_RAIN,30.0
2013-06-23,HEAVY_RAIN,36.61
2013-06-24,HEAVY_RAIN,50.97
2013-06-24,PROLONGED_RAIN,31.0
2013-06-24,EXTREME_HUMIDITY,91.76
2013-06-25,EXTREME_HUMIDITY,92.42
2013-06-25,HEAVY_RAIN,37.64
2013-06-25,PROLONGED_RAIN,32.0
2013-06-26,EXTREME_HUMIDITY,91.34
2013-06-26,PROLONGED_RAIN,33.0
2013-06-26,HEAVY_RAIN,42.74
2013-06-27,EXTREME_HUMIDITY,92.08
2013-06-27,PROLONGED_RAIN,34.0
2013-06-27,HEAVY_RAIN,30.1
2013-06-28,EXTREME_HUMIDITY,91.65
2013-06-28,HEAVY_RAIN,31.16
2013-06-28,PROLONGED_RAIN,35.0
2013-06-29,EXTREME_HUMIDITY,90.2
2013-06-29,PROLONGED_RAIN,36.0
2013-06-30,EXTREME_HUMIDITY,91.41
2013-06-30,PROLONGED_RAIN,37.0
2013-07-01,EXTREME_HUMIDITY,90.15
2013-07-01,PROLONGED_RAIN,38.0
2013-07-01,HEAVY_RAIN,59.16
2013-07-02,PROLONGED_RAIN,39.0
2013-07-02,EXTREME_HUMIDITY,93.13
2013-07-02,HEAVY_RAIN,88.61
2013-07-03,PROLONGED_RAIN,40.0
2013-07-03,EXTREME_HUMIDITY,93.42
2013-07-03,HEAVY_RAIN,65.2
2013-07-04,HEAVY_RAIN,51.38
2013-07-04,PROLONGED_RAIN,41.0
2013-07-04,EXTREME_HUMIDITY,91.99
2013-07-05,EXTREME_HUMIDITY,90.57
2013-07-05,PROLONGED_RAIN,42.0
2013-07-06,PROLONGED_RAIN,43.0
2013-07-06,HEAVY_RAIN,49.16
2013-07-06,EXTREME_HUMIDITY,91.02
2013-07-07,HEAVY_RAIN,50.2
2013-07-07,PROLONGED_RAIN,44.0
2013-07-07,EXTREME_HUMIDITY,92.44
2013-07-08,HEAVY_RAIN,37.45
2013-07-08,PROLONGED_RAIN,45.0
2013-07-08,EXTREME_HUMIDITY,91.96
2013-07-09,PROLONGED_RAIN,46.0
2013-07-09,EXTREME_HUMIDITY,92.44
2013-07-10,PROLONGED_RAIN,47.0
2013-07-10,EXTREME_HUMIDITY,91.94
2013-07-10,HEAVY_RAIN,25.64
2013-07-11,PROLONGED_RAIN,48.0
2013-07-11,EXTREME_HUMIDITY,91.26
2013-07-12,HEAVY_RAIN,46.65
2013-07-12,PROLONGED_RAIN,49.0
2013-07-12,EXTREME_HUMIDITY,92.52
2013-07-13,PROLONGED_RAIN,50.0
2013-07-13,HEAVY_RAIN,38.87
2013-07-13,EXTREME_HUMIDITY,92.23
2013-07-14,PROLONGED_RAIN,51.0
2013-07-14,EXTREME_HUMIDITY,92.43
2013-07-15,PROLONGED_RAIN,52.0
2013-07-15,EXTREME_HUMIDITY,92.2
2013-07-16,HEAVY_RAIN,25.85
2013-07-16,PROLONGED_RAIN,53.0
2013-07-16,EXTREME_HUMIDITY,92.08
2013-07-17,EXTREME_HUMIDITY,92.7
2013-07-17,PROLONGED_RAIN,54.0
2013-07-18,EXTREME_HUMIDITY,92.26
2013-07-18,HEAVY_RAIN,32.91
2013-07-18,PROLONGED_RAIN,55.0
2013-07-19,HEAVY_RAIN,55.83
2013-07-19,EXTREME_HUMIDITY,94.3
2013-07-19,PROLONGED_RAIN,56.0
2013-07-20,PROLONGED_RAIN,57.0
2013-07-20,HEAVY_RAIN,51.39
2013-07-20,EXTREME_HUMIDITY,92.56
2013-07-21,PROLONGED_RAIN,58.0
2013-07-21,HEAVY_RAIN,50.8
2013-07-21,EXTREME_HUMIDITY,93.59
2013-07-22,PROLONGED_RAIN,59.0
2013-07-22,HEAVY_RAIN,35.42
2013-07-22,EXTREME_HUMIDITY,93.38
2013-07-23,HEAVY_RAIN,34.26
2013-07-23,EXTREME_HUMIDITY,93.27
2013-07-23,PROLONGED_RAIN,60.0
2013-07-24,HEAVY_RAIN,62.37
2013-07-24,PROLONGED_RAIN,61.0
2013-07-24,EXTREME_HUMIDITY,92.44
2013-07-25,HEAVY_RAIN,55.16
2013-07-25,EXTREME_HUMIDITY,93.32
2013-07-25,PROLONGED_RAIN,62.0
2013-07-26,EXTREME_HUMIDITY,92.02
2013-07-26,HEAVY_RAIN,57.38
2013-07-26,PROLONGED_RAIN,63.0
2013-07-27,HEAVY_RAIN,71.58
2013-07-27,EXTREME_HUMIDITY,92.7
2013-07-27,PROLONGED_RAIN,64.0
2013-07-28,EXTREME_HUMIDITY,92.08
2013-07-28,HEAVY_RAIN,57.2
2013-07-28,PROLONGED_RAIN,65.0
2013-07-29,EXTREME_HUMIDITY,91.03
2013-07-29,PROLONGED_RAIN,66.0
2013-07-30,EXTREME_HUMIDITY,92.47
2013-07-30,PROLONGED_RAIN,67.0
2013-07-31,EXTREME_HUMIDITY,93.12
2013-07-31,PROLONGED_RAIN,68.0
2013-08-01,PROLONGED_RAIN,69.0
2013-08-01,HEAVY_RAIN,44.14
2013-08-01,EXTREME_HUMIDITY,92.37
2013-08-02,PROLONGED_RAIN,70.0
2013-08-02,EXTREME_HUMIDITY,92.42
2013-08-03,PROLONGED_RAIN,71.0
2013-08-03,EXTREME_HUMIDITY,93.21
2013-08-03,HEAVY_RAIN,29.36
2013-08-04,PROLONGED_RAIN,72.0
2013-08-04,HEAVY_RAIN,38.35
2013-08-04,EXTREME_HUMIDITY,92.79
2013-08-05,HEAVY_RAIN,75.21
2013-08-05,EXTREME_HUMIDITY,94.23
2013-08-05,PROLONGED_RAIN,73.0
2013-08-06,EXTREME_HUMIDITY,93.06
2013-08-06,HEAVY_RAIN,42.11
2013-08-06,PROLONGED_RAIN,74.0
2013-08-07,PROLONGED_RAIN,75.0
2013-08-07,EXTREME_HUMIDITY,90.66
2013-08-08,EXTREME_HUMIDITY,90.92
2013-08-08,PROLONGED_RAIN,76.0
2013-08-09,PROLONGED_RAIN,77.0
2013-08-09,EXTREME_HUMIDITY,90.89
2013-08-10,EXTREME_HUMIDITY,90.96
2013-08-10,PROLONGED_RAIN,78.0
2013-08-11,EXTREME_HUMIDITY,90.81
2013-08-11,PROLONGED_RAIN,79.0
2013-08-12,EXTREME_HUMIDITY,90.81
2013-08-12,PROLONGED_RAIN,80.0
2013-08-13,PROLONGED_RAIN,81.0
2013-08-13,EXTREME_HUMIDITY,91.77
2013-08-13,HEAVY_RAIN,30.72
2013-08-14,PROLONGED_RAIN,82.0
2013-08-14,EXTREME_HUMIDITY,90.26
2013-08-15,HEAVY_RAIN,40.85
2013-08-15,PROLONGED_RAIN,83.0
2013-08-15,EXTREME_HUMIDITY,92.21
2013-08-16,PROLONGED_RAIN,84.0
2013-08-16,EXTREME_HUMIDITY,92.97
2013-08-16,HEAVY_RAIN,55.51
2013-08-17,PROLONGED_RAIN,85.0
2013-08-17,EXTREME_HUMIDITY,91.52
2013-08-17,HEAVY_RAIN,29.56
2013-08-18,EXTREME_HUMIDITY,91.9
2013-08-18,PROLONGED_RAIN,86.0
2013-08-18,HEAVY_RAIN,29.25
2013-08-19,EXTREME_HUMIDITY,91.61
2013-08-19,PROLONGED_RAIN,87.0
2013-08-20,PROLONGED_RAIN,88.0
2013-08-20,EXTREME_HUMIDITY,90.9
2013-08-20,HEAVY_RAIN,26.54
2013-08-21,PROLONGED_RAIN,89.0
2013-08-21,EXTREME_HUMIDITY,89.81
2013-08-22,PROLONGED_RAIN,90.0
2013-08-22,EXTREME_HUMIDITY,89.77
2013-08-23,PROLONGED_RAIN,91.0
2013-08-23,EXTREME_HUMIDITY,89.23
2013-08-24,PROLONGED_RAIN,92.0
2013-08-24,EXTREME_HUMIDITY,89.71
2013-08-25,PROLONGED_RAIN,93.0
2013-08-25,EXTREME_HUMIDITY,90.82
2013-08-26,PROLONGED_RAIN,94.0
2013-08-26,EXTREME_HUMIDITY,89.49
2013-08-27,PROLONGED_RAIN,95.0
2013-08-27,EXTREME_HUMIDITY,89.42
2013-08-28,PROLONGED_RAIN,96.0
2013-08-28,EXTREME_HUMIDITY,90.35
2013-08-29,EXTREME_HUMIDITY,89.58
2013-08-30,EXTREME_HUMIDITY,87.48
2013-08-31,EXTREME_HUMIDITY,88.22
2013-09-01,EXTREME_HUMIDITY,88.1
2013-09-02,EXTREME_HUMIDITY,91.22
2013-09-02,PROLONGED_RAIN,3.0
2013-09-03,EXTREME_HUMIDITY,88.78
2013-09-03,PROLONGED_RAIN,4.0
2013-09-04,EXTREME_HUMIDITY,87.97
2013-09-04,PROLONGED_RAIN,5.0
2013-09-05,PROLONGED_RAIN,6.0
2013-09-05,EXTREME_HUMIDITY,87.32
2013-09-06,PROLONGED_RAIN,7.0
2013-09-06,EXTREME_HUMIDITY,89.87
2013-09-07,PROLONGED_RAIN,8.0
2013-09-07,EXTREME_HUMIDITY,89.33
2013-09-08,EXTREME_HUMIDITY,88.96
2013-09-08,PROLONGED_RAIN,9.0
2013-09-09,PROLONGED_RAIN,10.0
2013-09-09,EXTREME_HUMIDITY,87.25
2013-09-10,PROLONGED_RAIN,11.0
2013-09-10,EXTREME_HUMIDITY,90.53
2013-09-11,PROLONGED_RAIN,12.0
2013-09-11,EXTREME_HUMIDITY,91.37
2013-09-12,PROLONGED_RAIN,13.0
2013-09-12,EXTREME_HUMIDITY,92.02
2013-09-13,PROLONGED_RAIN,14.0
2013-09-13,EXTREME_HUMIDITY,92.75
2013-09-14,EXTREME_HUMIDITY,94.5
2013-09-14,HEAVY_RAIN,34.11
2013-09-14,PROLONGED_RAIN,15.0
2013-09-15,PROLONGED_RAIN,16.0
2013-09-15,EXTREME_HUMIDITY,91.02
2013-09-16,EXTREME_HUMIDITY,90.92
2013-09-16,PROLONGED_RAIN,17.0
2013-09-17,EXTREME_HUMIDITY,93.35
2013-09-17,HEAVY_RAIN,44.3
2013-09-17,PROLONGED_RAIN,18.0
2013-09-18,PROLONGED_RAIN,19.0
2013-09-18,EXTREME_HUMIDITY,90.3
2013-09-18,HEAVY_RAIN,31.08
2013-09-19,PROLONGED_RAIN,20.0
2013-09-19,EXTREME_HUMIDITY,90.42
2013-09-20,EXTREME_HUMIDITY,93.07
2013-09-20,PROLONGED_RAIN,21.0
2013-09-20,HEAVY_RAIN,43.5
2013-09-21,EXTREME_HUMIDITY,91.57
2013-09-21,PROLONGED_RAIN,22.0
2013-09-22,EXTREME_HUMIDITY,89.45
2013-09-22,PROLONGED_RAIN,23.0
2013-09-23,EXTREME_HUMIDITY,87.96
2013-09-23,PROLONGED_RAIN,24.0
2013-09-24,EXTREME_HUMIDITY,87.96
2013-09-24,PROLONGED_RAIN,25.0
2013-09-25,EXTREME_HUMIDITY,88.14
2013-09-25,PROLONGED_RAIN,26.0
2013-09-26,EXTREME_HUMIDITY,88.55
2013-09-27,EXTREME_HUMIDITY,88.29
2013-09-28,EXTREME_HUMIDITY,85.54
2013-09-29,EXTREME_HUMIDITY,86.82
2013-09-30,EXTREME_HUMIDITY,89.02
2013-10-01,EXTREME_HUMIDITY,89.25
2013-10-01,PROLONGED_RAIN,3.0
2013-10-02,EXTREME_HUMIDITY,88.55
2013-10-02,PROLONGED_RAIN,4.0
2013-10-03,EXTREME_HUMIDITY,86.17
2013-10-04,EXTREME_HUMIDITY,85.13
2013-10-05,HEAVY_RAIN,46.46
2013-10-05,EXTREME_HUMIDITY,89.64
2013-10-06,PROLONGED_RAIN,3.0
2013-10-06,EXTREME_HUMIDITY,88.94
2013-10-07,EXTREME_HUMIDITY,86.25
2013-10-08,EXTREME_HUMIDITY,88.42
2013-10-09,EXTREME_HUMIDITY,89.05
2013-10-10,EXTREME_HUMIDITY,86.01
2013-10-11,EXTREME_HUMIDITY,84.35
2013-10-12,EXTREME_HUMIDITY,87.95
2013-10-13,EXTREME_HUMIDITY,88.21
2013-10-14,EXTREME_HUMIDITY,87.04
2013-10-15,EXTREME_HUMIDITY,86.08
2013-10-16,EXTREME_HUMIDITY,90.33
2013-10-17,EXTREME_HUMIDITY,86.32
2013-10-18,PROLONGED_RAIN,3.0
2013-10-18,EXTREME_HUMIDITY,84.64
2013-10-19,PROLONGED_RAIN,4.0
2013-10-19,EXTREME_HUMIDITY,86.26
2013-10-20,PROLONGED_RAIN,5.0
2013-10-21,PROLONGED_RAIN,6.0
2013-10-22,EXTREME_HUMIDITY,83.85
2013-10-22,PROLONGED_RAIN,7.0
2013-10-23,PROLONGED_RAIN,8.0
2013-10-24,EXTREME_HUMIDITY,87.5
2013-10-24,PROLONGED_RAIN,9.0
2013-10-25,EXTREME_HUMIDITY,89.85
2013-10-25,PROLONGED_RAIN,10.0
2013-10-26,PROLONGED_RAIN,11.0
2013-10-26,EXTREME_HUMIDITY,88.15
2013-10-27,PROLONGED_RAIN,12.0
2013-10-27,EXTREME_HUMIDITY,85.79
2013-10-28,EXTREME_HUMIDITY,84.52
2013-10-28,PROLONGED_RAIN,13.0
2013-10-29,EXTREME_HUMIDITY,85.16
2013-10-30,EXTREME_HUMIDITY,85.79
2013-11-02,HEAVY_RAIN,26.24
2013-11-03,EXTREME_HUMIDITY,83.83
2014-03-14,EXTREME_HEAT,34.98
2014-03-15,EXTREME_HEAT,34.7
2014-03-16,EXTREME_HEAT,36.07
2014-03-17,EXTREME_HEAT,35.19
2014-03-18,EXTREME_HEAT,35.25
2014-03-19,EXTREME_HEAT,34.83
2014-03-25,EXTREME_HEAT,34.97
2014-03-26,EXTREME_HEAT,36.37
2014-03-28,EXTREME_HEAT,35.59
2014-03-29,EXTREME_HEAT,36.39
2014-04-03,EXTREME_HEAT,35.57
2014-04-05,EXTREME_HEAT,35.45
2014-04-06,EXTREME_HEAT,34.79
2014-04-12,EXTREME_HEAT,34.97
2014-04-13,EXTREME_HEAT,34.9
2014-04-15,PROLONGED_RAIN,3.0
2014-04-16,PROLONGED_RAIN,4.0
2014-04-17,PROLONGED_RAIN,5.0
2014-05-02,PROLONGED_RAIN,3.0
2014-05-03,PROLONGED_RAIN,4.0
2014-05-07,PROLONGED_RAIN,3.0
2014-05-08,PROLONGED_RAIN,4.0
2014-05-08,EXTREME_HUMIDITY,86.19
2014-05-08,HEAVY_RAIN,53.81
2014-05-21,PROLONGED_RAIN,3.0
2014-05-22,PROLONGED_RAIN,4.0
2014-05-29,PROLONGED_RAIN,3.0
2014-05-29,EXTREME_HUMIDITY,86.85
2014-05-30,PROLONGED_RAIN,4.0
2014-05-30,EXTREME_HUMIDITY,84.9
2014-05-31,PROLONGED_RAIN,5.0
2014-06-02,HEAVY_RAIN,33.31
2014-06-03,EXTREME_HUMIDITY,83.94
2014-06-05,EXTREME_HUMIDITY,86.89
2014-06-06,EXTREME_HUMIDITY,87.59
2014-06-06,PROLONGED_RAIN,3.0
2014-06-07,PROLONGED_RAIN,4.0
2014-06-07,EXTREME_HUMIDITY,87.28
2014-06-08,PROLONGED_RAIN,5.0
2014-06-08,EXTREME_HUMIDITY,85.25
2014-06-09,PROLONGED_RAIN,6.0
2014-06-09,EXTREME_HUMIDITY,86.42
2014-06-10,EXTREME_HUMIDITY,88.95
2014-06-10,HEAVY_RAIN,25.71
2014-06-10,PROLONGED_RAIN,7.0
2014-06-11,PROLONGED_RAIN,8.0
2014-06-11,HEAVY_RAIN,59.65
2014-06-11,EXTREME_HUMIDITY,89.11
2014-06-12,PROLONGED_RAIN,9.0
2014-06-12,EXTREME_HUMIDITY,86.63
2014-06-12,HEAVY_RAIN,50.71
2014-06-13,PROLONGED_RAIN,10.0
2014-06-13,EXTREME_HUMIDITY,87.7
2014-06-13,HEAVY_RAIN,41.45
2014-06-14,EXTREME_HUMIDITY,86.91
2014-06-14,PROLONGED_RAIN,11.0
2014-06-15,EXTREME_HUMIDITY,87.35
2014-06-15,PROLONGED_RAIN,12.0
2014-06-16,EXTREME_HUMIDITY,87.36
2014-06-16,HEAVY_RAIN,77.43
2014-06-16,PROLONGED_RAIN,13.0
2014-06-17,PROLONGED_RAIN,14.0
2014-06-17,EXTREME_HUMIDITY,88.87
2014-06-18,EXTREME_HUMIDITY,90.5
2014-06-18,PROLONGED_RAIN,15.0
2014-06-19,EXTREME_HUMIDITY,87.63
2014-06-19,PROLONGED_RAIN,16.0
2014-06-20,PROLONGED_RAIN,17.0
2014-06-20,EXTREME_HUMIDITY,87.31
2014-06-20,HEAVY_RAIN,25.7
2014-06-21,EXTREME_HUMIDITY,88.0
2014-06-21,PROLONGED_RAIN,18.0
2014-06-22,EXTREME_HUMIDITY,89.46
2014-06-22,PROLONGED_RAIN,19.0
2014-06-23,PROLONGED_RAIN,20.0
2014-06-23,EXTREME_HUMIDITY,89.55
2014-06-24,PROLONGED_RAIN,21.0
2014-06-24,EXTREME_HUMIDITY,85.4
2014-06-25,PROLONGED_RAIN,22.0
2014-06-27,EXTREME_HUMIDITY,86.14
2014-06-28,EXTREME_HUMIDITY,87.7
2014-06-29,EXTREME_HUMIDITY,86.69
2014-06-30,PROLONGED_RAIN,3.0
2014-06-30,EXTREME_HUMIDITY,86.97
2014-07-01,PROLONGED_RAIN,4.0
2014-07-01,HEAVY_RAIN,27.69
2014-07-01,EXTREME_HUMIDITY,88.77
2014-07-02,EXTREME_HUMIDITY,85.25
2014-07-02,PROLONGED_RAIN,5.0
2014-07-03,PROLONGED_RAIN,6.0
2014-07-03,EXTREME_HUMIDITY,85.03
2014-07-04,PROLONGED_RAIN,7.0
2014-07-04,EXTREME_HUMIDITY,86.83
2014-07-05,PROLONGED_RAIN,8.0
2014-07-05,EXTREME_HUMIDITY,90.04
2014-07-06,PROLONGED_RAIN,9.0
2014-07-06,EXTREME_HUMIDITY,88.31
2014-07-07,HEAVY_RAIN,38.38
2014-07-07,EXTREME_HUMIDITY,87.43
2014-07-07,PROLONGED_RAIN,10.0
2014-07-08,EXTREME_HUMIDITY,88.31
2014-07-08,PROLONGED_RAIN,11.0
2014-07-09,EXTREME_HUMIDITY,91.4
2014-07-09,HEAVY_RAIN,53.69
2014-07-09,PROLONGED_RAIN,12.0
2014-07-10,HEAVY_RAIN,54.34
2014-07-10,EXTREME_HUMIDITY,92.08
2014-07-10,PROLONGED_RAIN,13.0
2014-07-11,HEAVY_RAIN,32.56
2014-07-11,PROLONGED_RAIN,14.0
2014-07-11,EXTREME_HUMIDITY,90.73
2014-07-12,HEAVY_RAIN,117.97
2014-07-12,PROLONGED_RAIN,15.0
2014-07-12,EXTREME_HUMIDITY,92.52
2014-07-13,HEAVY_RAIN,94.65
2014-07-13,PROLONGED_RAIN,16.0
2014-07-13,EXTREME_HUMIDITY,93.42
2014-07-14,PROLONGED_RAIN,17.0
2014-07-14,EXTREME_HUMIDITY,92.82
2014-07-14,HEAVY_RAIN,66.88
2014-07-15,PROLONGED_RAIN,18.0
2014-07-15,EXTREME_HUMIDITY,92.73
2014-07-15,HEAVY_RAIN,40.43
2014-07-16,EXTREME_HUMIDITY,90.79
2014-07-16,PROLONGED_RAIN,19.0
2014-07-17,PROLONGED_RAIN,20.0
2014-07-17,EXTREME_HUMIDITY,91.2
2014-07-18,PROLONGED_RAIN,21.0
2014-07-18,HEAVY_RAIN,74.22
2014-07-18,EXTREME_HUMIDITY,91.17
2014-07-19,EXTREME_HUMIDITY,91.32
2014-07-19,PROLONGED_RAIN,22.0
2014-07-19,HEAVY_RAIN,63.06
2014-07-20,EXTREME_HUMIDITY,92.03
2014-07-20,PROLONGED_RAIN,23.0
2014-07-20,HEAVY_RAIN,32.71
2014-07-21,HEAVY_RAIN,28.01
2014-07-21,EXTREME_HUMIDITY,92.64
2014-07-21,PROLONGED_RAIN,24.0
2014-07-22,EXTREME_HUMIDITY,92.98
2014-07-22,PROLONGED_RAIN,25.0
2014-07-23,EXTREME_HUMIDITY,92.69
2014-07-23,PROLONGED_RAIN,26.0
2014-07-23,HEAVY_RAIN,46.13
2014-07-24,HEAVY_RAIN,29.0
2014-07-24,PROLONGED_RAIN,27.0
2014-07-24,EXTREME_HUMIDITY,92.91
2014-07-25,HEAVY_RAIN,26.71
2014-07-25,PROLONGED_RAIN,28.0
2014-07-25,EXTREME_HUMIDITY,91.24
2014-07-26,HEAVY_RAIN,34.12
2014-07-26,PROLONGED_RAIN,29.0
2014-07-26,EXTREME_HUMIDITY,91.46
2014-07-27,HEAVY_RAIN,33.97
2014-07-27,EXTREME_HUMIDITY,91.69
2014-07-27,PROLONGED_RAIN,30.0
2014-07-28,EXTREME_HUMIDITY,92.53
2014-07-28,PROLONGED_RAIN,31.0
2014-07-29,PROLONGED_RAIN,32.0
2014-07-29,EXTREME_HUMIDITY,91.19
2014-07-30,PROLONGED_RAIN,33.0
2014-07-30,EXTREME_HUMIDITY,93.32
2014-07-30,HEAVY_RAIN,53.44
2014-07-31,HEAVY_RAIN,114.94
2014-07-31,PROLONGED_RAIN,34.0
2014-07-31,EXTREME_HUMIDITY,94.26
2014-08-01,EXTREME_HUMIDITY,93.41
2014-08-01,HEAVY_RAIN,76.29
2014-08-01,PROLONGED_RAIN,35.0
2014-08-02,EXTREME_HUMIDITY,93.37
2014-08-02,HEAVY_RAIN,48.03
2014-08-02,PROLONGED_RAIN,36.0
2014-08-03,PROLONGED_RAIN,37.0
2014-08-03,EXTREME_HUMIDITY,93.38
2014-08-03,HEAVY_RAIN,28.68
2014-08-04,EXTREME_HUMIDITY,93.36
2014-08-04,HEAVY_RAIN,50.41
2014-08-04,PROLONGED_RAIN,38.0
2014-08-05,PROLONGED_RAIN,39.0
2014-08-05,HEAVY_RAIN,52.11
2014-08-05,EXTREME_HUMIDITY,93.03
2014-08-06,HEAVY_RAIN,79.63
2014-08-06,EXTREME_HUMIDITY,92.7
2014-08-06,PROLONGED_RAIN,40.0
2014-08-07,HEAVY_RAIN,62.52
2014-08-07,PROLONGED_RAIN,41.0
2014-08-07,EXTREME_HUMIDITY,93.28
2014-08-08,HEAVY_RAIN,38.67
2014-08-08,PROLONGED_RAIN,42.0
2014-08-08,EXTREME_HUMIDITY,92.58
2014-08-09,PROLONGED_RAIN,43.0
2014-08-09,EXTREME_HUMIDITY,92.1
2014-08-09,HEAVY_RAIN,38.26
2014-08-10,PROLONGED_RAIN,44.0
2014-08-10,EXTREME_HUMIDITY,91.6
2014-08-10,HEAVY_RAIN,29.24
2014-08-11,HEAVY_RAIN,32.07
2014-08-11,PROLONGED_RAIN,45.0
2014-08-11,EXTREME_HUMIDITY,92.98
2014-08-12,EXTREME_HUMIDITY,91.52
2014-08-12,PROLONGED_RAIN,46.0
2014-08-13,EXTREME_HUMIDITY,90.48
2014-08-13,PROLONGED_RAIN,47.0
2014-08-14,EXTREME_HUMIDITY,92.56
2014-08-14,PROLONGED_RAIN,48.0
2014-08-15,EXTREME_HUMIDITY,91.97
2014-08-15,PROLONGED_RAIN,49.0
2014-08-16,EXTREME_HUMIDITY,91.58
2014-08-16,PROLONGED_RAIN,50.0
2014-08-17,PROLONGED_RAIN,51.0
2014-08-17,EXTREME_HUMIDITY,90.52
2014-08-18,HEAVY_RAIN,28.29
2014-08-18,PROLONGED_RAIN,52.0
2014-08-18,EXTREME_HUMIDITY,91.72
2014-08-19,PROLONGED_RAIN,53.0
2014-08-19,EXTREME_HUMIDITY,90.88
2014-08-20,PROLONGED_RAIN,54.0
2014-08-20,EXTREME_HUMIDITY,89.29
2014-08-21,HEAVY_RAIN,26.03
2014-08-21,PROLONGED_RAIN,55.0
2014-08-21,EXTREME_HUMIDITY,93.45
2014-08-22,PROLONGED_RAIN,56.0
2014-08-22,EXTREME_HUMIDITY,94.31
2014-08-23,PROLONGED_RAIN,57.0
2014-08-23,EXTREME_HUMIDITY,91.75
2014-08-24,HEAVY_RAIN,45.24
2014-08-24,PROLONGED_RAIN,58.0
2014-08-24,EXTREME_HUMIDITY,92.68
2014-08-25,HEAVY_RAIN,55.81
2014-08-25,EXTREME_HUMIDITY,91.96
2014-08-25,PROLONGED_RAIN,59.0
2014-08-26,EXTREME_HUMIDITY,91.82
2014-08-26,PROLONGED_RAIN,60.0
2014-08-27,EXTREME_HUMIDITY,93.57
2014-08-27,HEAVY_RAIN,26.1
2014-08-27,PROLONGED_RAIN,61.0
2014-08-28,PROLONGED_RAIN,62.0
2014-08-28,HEAVY_RAIN,69.04
2014-08-28,EXTREME_HUMIDITY,92.42
2014-08-29,HEAVY_RAIN,38.46
2014-08-29,EXTREME_HUMIDITY,90.4
2014-08-29,PROLONGED_RAIN,63.0
2014-08-30,EXTREME_HUMIDITY,89.75
2014-08-30,PROLONGED_RAIN,64.0
2014-08-30,HEAVY_RAIN,68.63
2014-08-31,HEAVY_RAIN,28.65
2014-08-31,PROLONGED_RAIN,65.0
2014-08-31,EXTREME_HUMIDITY,89.84
2014-09-01,HEAVY_RAIN,29.94
2014-09-01,EXTREME_HUMIDITY,91.77
2014-09-01,PROLONGED_RAIN,66.0
2014-09-02,EXTREME_HUMIDITY,92.73
2014-09-02,PROLONGED_RAIN,67.0
2014-09-03,EXTREME_HUMIDITY,91.46
2014-09-03,HEAVY_RAIN,35.14
2014-09-03,PROLONGED_RAIN,68.0
2014-09-04,EXTREME_HUMIDITY,90.69
2014-09-04,HEAVY_RAIN,31.31
2014-09-04,PROLONGED_RAIN,69.0
2014-09-05,EXTREME_HUMIDITY,92.7
2014-09-05,PROLONGED_RAIN,70.0
2014-09-06,PROLONGED_RAIN,71.0
2014-09-06,HEAVY_RAIN,41.29
2014-09-06,EXTREME_HUMIDITY,92.28
2014-09-07,EXTREME_HUMIDITY,91.64
2014-09-07,PROLONGED_RAIN,72.0
2014-09-08,PROLONGED_RAIN,73.0
2014-09-08,EXTREME_HUMIDITY,89.4
2014-09-09,PROLONGED_RAIN,74.0
2014-09-09,EXTREME_HUMIDITY,88.34
2014-09-10,EXTREME_HUMIDITY,88.26
2014-09-10,PROLONGED_RAIN,75.0
2014-09-11,PROLONGED_RAIN,76.0
2014-09-11,EXTREME_HUMIDITY,87.47
2014-09-12,EXTREME_HUMIDITY,87.14
2014-09-12,PROLONGED_RAIN,77.0
2014-09-13,EXTREME_HUMIDITY,89.87
2014-09-13,PROLONGED_RAIN,78.0
2014-09-14,HEAVY_RAIN,34.0
2014-09-14,PROLONGED_RAIN,79.0
2014-09-14,EXTREME_HUMIDITY,90.0
2014-09-15,EXTREME_HUMIDITY,90.37
2014-09-15,PROLONGED_RAIN,80.0
2014-09-16,PROLONGED_RAIN,81.0
2014-09-16,EXTREME_HUMIDITY,90.25
2014-09-17,PROLONGED_RAIN,82.0
2014-09-17,EXTREME_HUMIDITY,88.58
2014-09-18,PROLONGED_RAIN,83.0
2014-09-18,EXTREME_HUMIDITY,89.06
2014-09-19,EXTREME_HUMIDITY,88.38
2014-09-19,PROLONGED_RAIN,84.0
2014-09-20,PROLONGED_RAIN,85.0
2014-09-20,EXTREME_HUMIDITY,87.46
2014-09-21,EXTREME_HUMIDITY,85.63
2014-09-22,EXTREME_HUMIDITY,86.93
2014-09-23,EXTREME_HUMIDITY,90.19
2014-09-24,EXTREME_HUMIDITY,91.71
2014-09-25,PROLONGED_RAIN,3.0
2014-09-25,EXTREME_HUMIDITY,90.59
2014-09-26,EXTREME_HUMIDITY,92.24
2014-09-26,PROLONGED_RAIN,4.0
2014-09-27,EXTREME_HUMIDITY,87.3
2014-09-28,EXTREME_HUMIDITY,84.12
2014-09-29,EXTREME_HUMIDITY,84.33
2014-09-30,EXTREME_HUMIDITY,88.55
2014-09-30,PROLONGED_RAIN,3.0
2014-10-01,EXTREME_HUMIDITY,88.02
2014-10-01,PROLONGED_RAIN,4.0
2014-10-03,EXTREME_HUMIDITY,84.38
2014-10-04,EXTREME_HUMIDITY,90.14
2014-10-05,EXTREME_HUMIDITY,90.58
2014-10-06,EXTREME_HUMIDITY,89.11
2014-10-07,PROLONGED_RAIN,3.0
2014-10-07,EXTREME_HUMIDITY,83.7
2014-10-08,EXTREME_HUMIDITY,85.56
2014-10-09,EXTREME_HUMIDITY,87.67
2014-10-10,EXTREME_HUMIDITY,89.34
2014-10-11,EXTREME_HUMIDITY,92.76
2014-10-12,EXTREME_HUMIDITY,87.26
2014-10-18,EXTREME_HUMIDITY,83.55
2014-10-19,PROLONGED_RAIN,3.0
2014-10-20,PROLONGED_RAIN,4.0
2014-10-24,EXTREME_HUMIDITY,85.62
2014-10-25,EXTREME_HUMIDITY,91.17
2014-10-25,PROLONGED_RAIN,3.0
2014-10-25,HEAVY_RAIN,51.41
2014-10-26,PROLONGED_RAIN,4.0
2014-10-27,PROLONGED_RAIN,5.0
2014-11-14,EXTREME_HUMIDITY,84.78
2014-11-15,PROLONGED_RAIN,3.0
2014-12-11,EXTREME_HUMIDITY,84.01
2014-12-12,PROLONGED_RAIN,3.0
2014-12-13,PROLONGED_RAIN,4.0
2015-03-31,PROLONGED_RAIN,3.0
2015-04-01,PROLONGED_RAIN,4.0
2015-04-02,PROLONGED_RAIN,5.0
2015-04-05,EXTREME_HEAT,35.03
2015-04-12,PROLONGED_RAIN,3.0
2015-04-13,PROLONGED_RAIN,4.0
2015-04-23,EXTREME_HUMIDITY,86.56
2015-04-23,PROLONGED_RAIN,3.0
2015-04-24,PROLONGED_RAIN,4.0
2015-04-25,PROLONGED_RAIN,5.0
2015-04-26,PROLONGED_RAIN,6.0
2015-05-04,PROLONGED_RAIN,3.0
2015-05-05,PROLONGED_RAIN,4.0
2015-05-06,PROLONGED_RAIN,5.0
2015-05-07,PROLONGED_RAIN,6.0
2015-05-08,PROLONGED_RAIN,7.0
2015-05-11,EXTREME_HUMIDITY,86.0
2015-05-12,PROLONGED_RAIN,3.0
2015-05-13,PROLONGED_RAIN,4.0
2015-05-14,PROLONGED_RAIN,5.0
2015-05-15,PROLONGED_RAIN,6.0
2015-05-16,EXTREME_HUMIDITY,85.16
2015-05-16,PROLONGED_RAIN,7.0
2015-05-17,PROLONGED_RAIN,8.0
2015-05-17,EXTREME_HUMIDITY,83.73
2015-05-18,EXTREME_HUMIDITY,85.41
2015-05-18,PROLONGED_RAIN,9.0
2015-05-23,EXTREME_HUMIDITY,83.53
2015-05-28,EXTREME_HUMIDITY,83.45
2015-05-29,PROLONGED_RAIN,3.0
2015-05-30,PROLONGED_RAIN,4.0
2015-05-31,EXTREME_HUMIDITY,84.12
2015-05-31,PROLONGED_RAIN,5.0
2015-06-01,EXTREME_HUMIDITY,86.03
2015-06-01,PROLONGED_RAIN,6.0
2015-06-02,EXTREME_HUMIDITY,86.82
2015-06-02,PROLONGED_RAIN,7.0
2015-06-03,EXTREME_HUMIDITY,84.82
2015-06-03,PROLONGED_RAIN,8.0
2015-06-04,HEAVY_RAIN,36.1
2015-06-04,PROLONGED_RAIN,9.0
2015-06-04,EXTREME_HUMIDITY,87.94
2015-06-05,PROLONGED_RAIN,10.0
2015-06-05,EXTREME_HUMIDITY,85.57
2015-06-06,PROLONGED_RAIN,11.0
2015-06-07,PROLONGED_RAIN,12.0
2015-06-07,EXTREME_HUMIDITY,85.7
2015-06-08,EXTREME_HUMIDITY,88.94
2015-06-08,HEAVY_RAIN,39.69
2015-06-08,PROLONGED_RAIN,13.0
2015-06-09,EXTREME_HUMIDITY,87.09
2015-06-09,HEAVY_RAIN,34.76
2015-06-09,PROLONGED_RAIN,14.0
2015-06-10,HEAVY_RAIN,27.62
2015-06-10,EXTREME_HUMIDITY,83.86
2015-06-10,PROLONGED_RAIN,15.0
2015-06-11,HEAVY_RAIN,40.31
2015-06-11,EXTREME_HUMIDITY,89.07
2015-06-11,PROLONGED_RAIN,16.0
2015-06-12,HEAVY_RAIN,28.42
2015-06-12,EXTREME_HUMIDITY,89.74
2015-06-12,PROLONGED_RAIN,17.0
2015-06-13,HEAVY_RAIN,29.21
2015-06-13,EXTREME_HUMIDITY,84.37
2015-06-13,PROLONGED_RAIN,18.0
2015-06-14,PROLONGED_RAIN,19.0
2015-06-14,HEAVY_RAIN,25.65
2015-06-14,EXTREME_HUMIDITY,84.74
2015-06-15,PROLONGED_RAIN,20.0
2015-06-15,EXTREME_HUMIDITY,85.26
2015-06-16,PROLONGED_RAIN,21.0
2015-06-16,HEAVY_RAIN,40.69
2015-06-16,EXTREME_HUMIDITY,85.1
2015-06-17,PROLONGED_RAIN,22.0
2015-06-17,HEAVY_RAIN,36.78
2015-06-17,EXTREME_HUMIDITY,86.91
2015-06-18,PROLONGED_RAIN,23.0
2015-06-18,EXTREME_HUMIDITY,88.95
2015-06-18,HEAVY_RAIN,36.78
2015-06-19,HEAVY_RAIN,45.53
2015-06-19,EXTREME_HUMIDITY,90.9
2015-06-19,PROLONGED_RAIN,24.0
2015-06-20,EXTREME_HUMIDITY,89.66
2015-06-20,PROLONGED_RAIN,25.0
2015-06-20,HEAVY_RAIN,36.68
2015-06-21,PROLONGED_RAIN,26.0
2015-06-21,HEAVY_RAIN,39.39
2015-06-21,EXTREME_HUMIDITY,90.44
2015-06-22,EXTREME_HUMIDITY,91.14
2015-06-22,PROLONGED_RAIN,27.0
2015-06-22,HEAVY_RAIN,39.9
2015-06-23,EXTREME_HUMIDITY,89.63
2015-06-23,PROLONGED_RAIN,28.0
2015-06-24,EXTREME_HUMIDITY,90.01
2015-06-24,HEAVY_RAIN,26.19
2015-06-24,PROLONGED_RAIN,29.0
2015-06-25,PROLONGED_RAIN,30.0
2015-06-25,EXTREME_HUMIDITY,90.1
2015-06-25,HEAVY_RAIN,52.65
2015-06-26,PROLONGED_RAIN,31.0
2015-06-26,EXTREME_HUMIDITY,90.46
2015-06-26,HEAVY_RAIN,27.54
2015-06-27,PROLONGED_RAIN,32.0
2015-06-27,EXTREME_HUMIDITY,90.02
2015-06-28,PROLONGED_RAIN,33.0
2015-06-28,EXTREME_HUMIDITY,90.51
2015-06-29,PROLONGED_RAIN,34.0
2015-06-29,EXTREME_HUMIDITY,87.84
2015-06-30,PROLONGED_RAIN,35.0
2015-06-30,EXTREME_HUMIDITY,89.76
2015-07-01,PROLONGED_RAIN,36.0
2015-07-01,EXTREME_HUMIDITY,88.25
2015-07-02,EXTREME_HUMIDITY,88.86
2015-07-02,PROLONGED_RAIN,37.0
2015-07-03,PROLONGED_RAIN,38.0
2015-07-03,EXTREME_HUMIDITY,89.25
2015-07-04,EXTREME_HUMIDITY,87.8
2015-07-04,PROLONGED_RAIN,39.0
2015-07-05,EXTREME_HUMIDITY,86.3
2015-07-05,PROLONGED_RAIN,40.0
2015-07-06,EXTREME_HUMIDITY,84.85
2015-07-06,PROLONGED_RAIN,41.0
2015-07-07,EXTREME_HUMIDITY,84.69
2015-07-07,PROLONGED_RAIN,42.0
2015-07-08,HEAVY_RAIN,34.88
2015-07-08,EXTREME_HUMIDITY,87.22
2015-07-08,PROLONGED_RAIN,43.0
2015-07-09,PROLONGED_RAIN,44.0
2015-07-09,HEAVY_RAIN,96.32
2015-07-09,EXTREME_HUMIDITY,90.76
2015-07-10,EXTREME_HUMIDITY,91.13
2015-07-10,PROLONGED_RAIN,45.0
2015-07-10,HEAVY_RAIN,43.88
2015-07-11,PROLONGED_RAIN,46.0
2015-07-11,EXTREME_HUMIDITY,90.58
2015-07-11,HEAVY_RAIN,39.11
2015-07-12,EXTREME_HUMIDITY,90.5
2015-07-12,PROLONGED_RAIN,47.0
2015-07-13,PROLONGED_RAIN,48.0
2015-07-13,EXTREME_HUMIDITY,88.51
2015-07-14,PROLONGED_RAIN,49.0
2015-07-14,EXTREME_HUMIDITY,89.96
2015-07-15,EXTREME_HUMIDITY,90.26
2015-07-15,HEAVY_RAIN,30.12
2015-07-15,PROLONGED_RAIN,50.0
2015-07-16,PROLONGED_RAIN,51.0
2015-07-16,EXTREME_HUMIDITY,90.57
2015-07-17,PROLONGED_RAIN,52.0
2015-07-17,HEAVY_RAIN,35.36
2015-07-17,EXTREME_HUMIDITY,90.36
2015-07-18,EXTREME_HUMIDITY,91.06
2015-07-18,PROLONGED_RAIN,53.0
2015-07-18,HEAVY_RAIN,56.39
2015-07-19,EXTREME_HUMIDITY,92.2
2015-07-19,HEAVY_RAIN,64.81
2015-07-19,PROLONGED_RAIN,54.0
2015-07-20,EXTREME_HUMIDITY,91.36
2015-07-20,HEAVY_RAIN,35.81
2015-07-20,PROLONGED_RAIN,55.0
2015-07-21,PROLONGED_RAIN,56.0
2015-07-21,EXTREME_HUMIDITY,90.56
2015-07-22,PROLONGED_RAIN,57.0
2015-07-22,EXTREME_HUMIDITY,90.28
2015-07-23,EXTREME_HUMIDITY,92.11
2015-07-23,PROLONGED_RAIN,58.0
2015-07-23,HEAVY_RAIN,42.94
2015-07-24,PROLONGED_RAIN,59.0
2015-07-24,EXTREME_HUMIDITY,90.14
2015-07-25,EXTREME_HUMIDITY,88.2
2015-07-25,PROLONGED_RAIN,60.0
2015-07-25,HEAVY_RAIN,33.6
2015-07-26,HEAVY_RAIN,39.62
2015-07-26,EXTREME_HUMIDITY,90.71
2015-07-26,PROLONGED_RAIN,61.0
2015-07-27,EXTREME_HUMIDITY,88.25
2015-07-27,PROLONGED_RAIN,62.0
2015-07-28,EXTREME_HUMIDITY,91.26
2015-07-28,PROLONGED_RAIN,63.0
2015-07-29,EXTREME_HUMIDITY,89.08
2015-07-29,PROLONGED_RAIN,64.0
2015-07-30,EXTREME_HUMIDITY,87.5
2015-07-30,PROLONGED_RAIN,65.0
2015-07-31,EXTREME_HUMIDITY,89.16
2015-07-31,PROLONGED_RAIN,66.0
2015-08-01,EXTREME_HUMIDITY,90.97
2015-08-01,PROLONGED_RAIN,67.0
2015-08-02,EXTREME_HUMIDITY,91.73
2015-08-02,PROLONGED_RAIN,68.0
2015-08-03,EXTREME_HUMIDITY,90.71
2015-08-03,PROLONGED_RAIN,69.0
2015-08-04,EXTREME_HUMIDITY,91.21
2015-08-04,PROLONGED_RAIN,70.0
2015-08-05,PROLONGED_RAIN,71.0
2015-08-05,HEAVY_RAIN,39.79
2015-08-05,EXTREME_HUMIDITY,92.37
2015-08-06,HEAVY_RAIN,33.26
2015-08-06,EXTREME_HUMIDITY,91.86
2015-08-06,PROLONGED_RAIN,72.0
2015-08-07,HEAVY_RAIN,27.53
2015-08-07,PROLONGED_RAIN,73.0
2015-08-07,EXTREME_HUMIDITY,90.21
2015-08-08,PROLONGED_RAIN,74.0
2015-08-08,EXTREME_HUMIDITY,92.16
2015-08-09,HEAVY_RAIN,37.17
2015-08-09,EXTREME_HUMIDITY,91.96
2015-08-09,PROLONGED_RAIN,75.0
2015-08-10,HEAVY_RAIN,43.18
2015-08-10,EXTREME_HUMIDITY,91.8
2015-08-10,PROLONGED_RAIN,76.0
2015-08-11,EXTREME_HUMIDITY,92.91
2015-08-11,PROLONGED_RAIN,77.0
2015-08-12,PROLONGED_RAIN,78.0
2015-08-12,EXTREME_HUMIDITY,92.76
2015-08-12,HEAVY_RAIN,30.34
2015-08-13,PROLONGED_RAIN,79.0
2015-08-13,EXTREME_HUMIDITY,92.41
2015-08-13,HEAVY_RAIN,37.18
2015-08-14,PROLONGED_RAIN,80.0
2015-08-14,EXTREME_HUMIDITY,91.42
2015-08-14,HEAVY_RAIN,26.26
2015-08-15,EXTREME_HUMIDITY,89.94
2015-08-15,PROLONGED_RAIN,81.0
2015-08-16,EXTREME_HUMIDITY,91.32
2015-08-16,PROLONGED_RAIN,82.0
2015-08-17,PROLONGED_RAIN,83.0
2015-08-17,EXTREME_HUMIDITY,91.4
2015-08-18,PROLONGED_RAIN,84.0
2015-08-18,EXTREME_HUMIDITY,90.02
2015-08-19,PROLONGED_RAIN,85.0
2015-08-19,EXTREME_HUMIDITY,88.77
2015-08-20,HEAVY_RAIN,33.92
2015-08-20,EXTREME_HUMIDITY,91.87
2015-08-20,PROLONGED_RAIN,86.0
2015-08-21,PROLONGED_RAIN,87.0
2015-08-21,EXTREME_HUMIDITY,90.14
2015-08-22,PROLONGED_RAIN,88.0
2015-08-22,EXTREME_HUMIDITY,89.42
2015-08-23,EXTREME_HUMIDITY,90.25
2015-08-23,PROLONGED_RAIN,89.0
2015-08-24,PROLONGED_RAIN,90.0
2015-08-24,EXTREME_HUMIDITY,90.65
2015-08-25,PROLONGED_RAIN,91.0
2015-08-25,EXTREME_HUMIDITY,87.65
2015-08-26,PROLONGED_RAIN,92.0
2015-08-26,EXTREME_HUMIDITY,88.0
2015-08-27,EXTREME_HUMIDITY,89.63
2015-08-27,PROLONGED_RAIN,93.0
2015-08-28,EXTREME_HUMIDITY,89.21
2015-08-28,PROLONGED_RAIN,94.0
2015-08-29,EXTREME_HUMIDITY,88.44
2015-08-29,PROLONGED_RAIN,95.0
2015-08-30,EXTREME_HUMIDITY,87.37
2015-08-30,PROLONGED_RAIN,96.0
2015-08-31,PROLONGED_RAIN,97.0
2015-08-31,EXTREME_HUMIDITY,87.89
2015-09-01,EXTREME_HUMIDITY,87.09
2015-09-01,PROLONGED_RAIN,98.0
2015-09-02,PROLONGED_RAIN,99.0
2015-09-02,EXTREME_HUMIDITY,86.84
2015-09-03,PROLONGED_RAIN,100.0
2015-09-03,EXTREME_HUMIDITY,85.4
2015-09-04,PROLONGED_RAIN,101.0
2015-09-04,EXTREME_HUMIDITY,88.32
2015-09-05,PROLONGED_RAIN,102.0
2015-09-05,EXTREME_HUMIDITY,88.78
2015-09-06,EXTREME_HUMIDITY,89.71
2015-09-06,PROLONGED_RAIN,103.0
2015-09-07,EXTREME_HUMIDITY,88.11
2015-09-07,PROLONGED_RAIN,104.0
2015-09-08,EXTREME_HUMIDITY,89.13
2015-09-08,PROLONGED_RAIN,105.0
2015-09-09,EXTREME_HUMIDITY,86.27
2015-09-09,PROLONGED_RAIN,106.0
2015-09-10,EXTREME_HUMIDITY,86.09
2015-09-10,PROLONGED_RAIN,107.0
2015-09-11,EXTREME_HUMIDITY,87.28
2015-09-11,PROLONGED_RAIN,108.0
2015-09-12,EXTREME_HUMIDITY,87.09
2015-09-12,PROLONGED_RAIN,109.0
2015-09-13,EXTREME_HUMIDITY,87.29
2015-09-13,PROLONGED_RAIN,110.0
2015-09-14,HEAVY_RAIN,47.6
2015-09-14,EXTREME_HUMIDITY,91.3
2015-09-14,PROLONGED_RAIN,111.0
2015-09-15,EXTREME_HUMIDITY,90.03
2015-09-15,PROLONGED_RAIN,112.0
2015-09-15,HEAVY_RAIN,66.05
2015-09-16,EXTREME_HUMIDITY,89.57
2015-09-16,PROLONGED_RAIN,113.0
2015-09-16,HEAVY_RAIN,25.94
2015-09-17,PROLONGED_RAIN,114.0
2015-09-17,EXTREME_HUMIDITY,91.03
2015-09-18,PROLONGED_RAIN,115.0
2015-09-18,EXTREME_HUMIDITY,90.24
2015-09-19,PROLONGED_RAIN,116.0
2015-09-19,EXTREME_HUMIDITY,89.16
2015-09-20,PROLONGED_RAIN,117.0
2015-09-20,EXTREME_HUMIDITY,87.71
2015-09-21,EXTREME_HUMIDITY,84.73
2015-09-21,PROLONGED_RAIN,118.0
2015-09-23,EXTREME_HUMIDITY,83.95
2015-09-24,EXTREME_HUMIDITY,86.32
2015-09-25,EXTREME_HUMIDITY,87.07
2015-09-25,PROLONGED_RAIN,3.0
2015-09-26,EXTREME_HUMIDITY,88.09
2015-09-27,EXTREME_HUMIDITY,87.47
2015-09-28,EXTREME_HUMIDITY,86.86
2015-09-29,PROLONGED_RAIN,3.0
2015-09-30,PROLONGED_RAIN,4.0
2015-09-30,EXTREME_HUMIDITY,87.56
2015-09-30,HEAVY_RAIN,37.28
2015-10-01,PROLONGED_RAIN,5.0
2015-10-01,EXTREME_HUMIDITY,88.17
2015-10-02,PROLONGED_RAIN,6.0
2015-10-02,EXTREME_HUMIDITY,88.61
2015-10-03,EXTREME_HUMIDITY,88.67
2015-10-03,PROLONGED_RAIN,7.0
2015-10-04,PROLONGED_RAIN,8.0
2015-10-04,EXTREME_HUMIDITY,87.69
2015-10-05,HEAVY_RAIN,44.23
2015-10-05,EXTREME_HUMIDITY,90.34
2015-10-05,PROLONGED_RAIN,9.0
2015-10-06,EXTREME_HUMIDITY,87.12
2015-10-06,PROLONGED_RAIN,10.0
2015-10-07,EXTREME_HUMIDITY,87.15
2015-10-07,PROLONGED_RAIN,11.0
2015-10-08,EXTREME_HUMIDITY,88.66
2015-10-08,PROLONGED_RAIN,12.0
2015-10-09,EXTREME_HUMIDITY,88.11
2015-10-10,EXTREME_HUMIDITY,87.97
2015-10-11,EXTREME_HUMIDITY,87.17
2015-10-12,EXTREME_HUMIDITY,85.71
2015-10-13,EXTREME_HUMIDITY,83.51
2015-10-20,PROLONGED_RAIN,3.0
2015-10-21,PROLONGED_RAIN,4.0
2015-11-01,EXTREME_HUMIDITY,86.26
2015-11-02,EXTREME_HUMIDITY,87.48
2015-11-02,PROLONGED_RAIN,3.0
2015-11-03,PROLONGED_RAIN,4.0
2015-11-03,EXTREME_HUMIDITY,84.86
2015-11-04,PROLONGED_RAIN,5.0
2015-11-05,EXTREME_HUMIDITY,83.42
2015-11-05,PROLONGED_RAIN,6.0
2015-11-19,EXTREME_HUMIDITY,83.88
2015-11-21,PROLONGED_RAIN,3.0
2015-11-22,PROLONGED_RAIN,4.0
2015-11-23,PROLONGED_RAIN,5.0
2015-11-24,EXTREME_HUMIDITY,86.98
2015-11-24,PROLONGED_RAIN,6.0
2015-12-11,EXTREME_HUMIDITY,86.95
2016-03-18,EXTREME_HEAT,34.74
2016-03-20,EXTREME_HEAT,34.82
2016-03-21,EXTREME_HEAT,35.38
2016-03-25,EXTREME_HEAT,34.72
2016-03-26,EXTREME_HEAT,35.16
2016-04-04,EXTREME_HEAT,35.43
2016-04-07,EXTREME_HEAT,35.36
2016-04-14,EXTREME_HEAT,36.28
2016-04-15,EXTREME_HEAT,35.04
2016-04-18,EXTREME_HEAT,35.22
2016-04-19,EXTREME_HEAT,34.93
2016-04-20,EXTREME_HEAT,34.72
2016-04-24,EXTREME_HEAT,35.08
2016-04-25,EXTREME_HEAT,35.67
2016-04-26,EXTREME_HEAT,36.2
2016-04-27,EXTREME_HEAT,34.9
2016-04-30,EXTREME_HEAT,35.11
2016-05-02,EXTREME_HEAT,34.93
2016-05-05,EXTREME_HEAT,34.78
2016-05-06,EXTREME_HEAT,34.8
2016-05-07,EXTREME_HEAT,35.78
2016-05-08,EXTREME_HEAT,35.2
2016-05-09,EXTREME_HEAT,36.98
2016-05-10,EXTREME_HEAT,35.75
2016-05-13,PROLONGED_RAIN,3.0
2016-05-14,PROLONGED_RAIN,4.0
2016-05-15,PROLONGED_RAIN,5.0
2016-05-16,PROLONGED_RAIN,6.0
2016-05-17,PROLONGED_RAIN,7.0
2016-05-18,PROLONGED_RAIN,8.0
2016-05-19,PROLONGED_RAIN,9.0
2016-05-20,PROLONGED_RAIN,10.0
2016-05-28,PROLONGED_RAIN,3.0
2016-05-29,PROLONGED_RAIN,4.0
2016-05-30,PROLONGED_RAIN,5.0
2016-05-31,PROLONGED_RAIN,6.0
2016-06-01,PROLONGED_RAIN,7.0
2016-06-02,PROLONGED_RAIN,8.0
2016-06-02,EXTREME_HUMIDITY,87.57
2016-06-03,PROLONGED_RAIN,9.0
2016-06-04,PROLONGED_RAIN,10.0
2016-06-04,EXTREME_HUMIDITY,90.58
2016-06-05,PROLONGED_RAIN,11.0
2016-06-06,PROLONGED_RAIN,12.0
2016-06-06,EXTREME_HUMIDITY,86.65
2016-06-07,PROLONGED_RAIN,13.0
2016-06-07,EXTREME_HUMIDITY,86.3
2016-06-08,PROLONGED_RAIN,14.0
2016-06-08,EXTREME_HUMIDITY,84.0
2016-06-09,HEAVY_RAIN,43.28
2016-06-09,EXTREME_HUMIDITY,89.06
2016-06-09,PROLONGED_RAIN,15.0
2016-06-10,EXTREME_HUMIDITY,85.49
2016-06-10,PROLONGED_RAIN,16.0
2016-06-11,PROLONGED_RAIN,17.0
2016-06-12,PROLONGED_RAIN,18.0
2016-06-12,EXTREME_HUMIDITY,84.47
2016-06-13,PROLONGED_RAIN,19.0
2016-06-13,HEAVY_RAIN,41.02
2016-06-14,PROLONGED_RAIN,20.0
2016-06-15,PROLONGED_RAIN,21.0
2016-06-16,EXTREME_HUMIDITY,87.28
2016-06-16,PROLONGED_RAIN,22.0
2016-06-16,HEAVY_RAIN,29.73
2016-06-17,HEAVY_RAIN,42.23
2016-06-17,PROLONGED_RAIN,23.0
2016-06-17,EXTREME_HUMIDITY,86.89
2016-06-18,EXTREME_HUMIDITY,89.35
2016-06-18,HEAVY_RAIN,49.33
2016-06-18,PROLONGED_RAIN,24.0
2016-06-19,PROLONGED_RAIN,25.0
2016-06-20,EXTREME_HUMIDITY,86.54
2016-06-20,HEAVY_RAIN,55.44
2016-06-20,PROLONGED_RAIN,26.0
2016-06-21,PROLONGED_RAIN,27.0
2016-06-21,EXTREME_HUMIDITY,90.22
2016-06-21,HEAVY_RAIN,44.78
2016-06-22,HEAVY_RAIN,51.62
2016-06-22,PROLONGED_RAIN,28.0
2016-06-22,EXTREME_HUMIDITY,88.81
2016-06-23,PROLONGED_RAIN,29.0
2016-06-23,HEAVY_RAIN,49.01
2016-06-23,EXTREME_HUMIDITY,88.77
2016-06-24,HEAVY_RAIN,36.83
2016-06-24,PROLONGED_RAIN,30.0
2016-06-24,EXTREME_HUMIDITY,88.76
2016-06-25,PROLONGED_RAIN,31.0
2016-06-25,EXTREME_HUMIDITY,88.53
2016-06-26,PROLONGED_RAIN,32.0
2016-06-26,HEAVY_RAIN,36.97
2016-06-26,EXTREME_HUMIDITY,90.23
2016-06-27,HEAVY_RAIN,104.88
2016-06-27,EXTREME_HUMIDITY,92.62
2016-06-27,PROLONGED_RAIN,33.0
2016-06-28,PROLONGED_RAIN,34.0
2016-06-28,EXTREME_HUMIDITY,92.1
2016-06-28,HEAVY_RAIN,105.55
2016-06-29,HEAVY_RAIN,95.26
2016-06-29,EXTREME_HUMIDITY,92.37
2016-06-29,PROLONGED_RAIN,35.0
2016-06-30,HEAVY_RAIN,30.09
2016-06-30,EXTREME_HUMIDITY,90.69
2016-06-30,PROLONGED_RAIN,36.0
2016-07-01,PROLONGED_RAIN,37.0
2016-07-01,HEAVY_RAIN,68.71
2016-07-01,EXTREME_HUMIDITY,89.95
2016-07-02,PROLONGED_RAIN,38.0
2016-07-02,EXTREME_HUMIDITY,89.57
2016-07-02,HEAVY_RAIN,44.66
2016-07-03,EXTREME_HUMIDITY,90.56
2016-07-03,PROLONGED_RAIN,39.0
2016-07-03,HEAVY_RAIN,51.65
2016-07-04,EXTREME_HUMIDITY,90.96
2016-07-04,HEAVY_RAIN,54.25
2016-07-04,PROLONGED_RAIN,40.0
2016-07-05,HEAVY_RAIN,27.69
2016-07-05,PROLONGED_RAIN,41.0
2016-07-05,EXTREME_HUMIDITY,90.26
2016-07-06,EXTREME_HUMIDITY,92.25
2016-07-06,PROLONGED_RAIN,42.0
2016-07-06,HEAVY_RAIN,44.14
2016-07-07,PROLONGED_RAIN,43.0
2016-07-07,EXTREME_HUMIDITY,91.14
2016-07-08,PROLONGED_RAIN,44.0
2016-07-08,EXTREME_HUMIDITY,90.45
2016-07-09,PROLONGED_RAIN,45.0
2016-07-09,EXTREME_HUMIDITY,91.08
2016-07-10,HEAVY_RAIN,37.45
2016-07-10,EXTREME_HUMIDITY,90.15
2016-07-10,PROLONGED_RAIN,46.0
2016-07-11,PROLONGED_RAIN,47.0
2016-07-11,EXTREME_HUMIDITY,90.69
2016-07-12,PROLONGED_RAIN,48.0
2016-07-12,EXTREME_HUMIDITY,90.08
2016-07-13,PROLONGED_RAIN,49.0
2016-07-13,EXTREME_HUMIDITY,89.8
2016-07-14,EXTREME_HUMIDITY,89.29
2016-07-14,PROLONGED_RAIN,50.0
2016-07-15,PROLONGED_RAIN,51.0
2016-07-15,EXTREME_HUMIDITY,89.6
2016-07-16,PROLONGED_RAIN,52.0
2016-07-16,EXTREME_HUMIDITY,91.36
2016-07-17,EXTREME_HUMIDITY,91.86
2016-07-17,PROLONGED_RAIN,53.0
2016-07-18,PROLONGED_RAIN,54.0
2016-07-18,EXTREME_HUMIDITY,91.65
2016-07-19,PROLONGED_RAIN,55.0
2016-07-19,EXTREME_HUMIDITY,91.09
2016-07-20,HEAVY_RAIN,48.66
2016-07-20,PROLONGED_RAIN,56.0
2016-07-20,EXTREME_HUMIDITY,91.1
2016-07-21,PROLONGED_RAIN,57.0
2016-07-21,HEAVY_RAIN,55.79
2016-07-21,EXTREME_HUMIDITY,91.44
2016-07-22,PROLONGED_RAIN,58.0
2016-07-22,HEAVY_RAIN,39.57
2016-07-22,EXTREME_HUMIDITY,91.58
2016-07-23,HEAVY_RAIN,45.39
2016-07-23,EXTREME_HUMIDITY,93.71
2016-07-23,PROLONGED_RAIN,59.0
2016-07-24,PROLONGED_RAIN,60.0
2016-07-24,EXTREME_HUMIDITY,92.43
2016-07-25,PROLONGED_RAIN,61.0
2016-07-25,EXTREME_HUMIDITY,89.82
2016-07-26,PROLONGED_RAIN,62.0
2016-07-26,EXTREME_HUMIDITY,89.68
2016-07-27,PROLONGED_RAIN,63.0
2016-07-27,EXTREME_HUMIDITY,92.89
2016-07-28,PROLONGED_RAIN,64.0
2016-07-28,EXTREME_HUMIDITY,91.56
2016-07-29,EXTREME_HUMIDITY,91.39
2016-07-29,PROLONGED_RAIN,65.0
2016-07-30,EXTREME_HUMIDITY,92.43
2016-07-30,PROLONGED_RAIN,66.0
2016-07-31,PROLONGED_RAIN,67.0
2016-07-31,EXTREME_HUMIDITY,91.81
2016-08-01,EXTREME_HUMIDITY,90.28
2016-08-01,PROLONGED_RAIN,68.0
2016-08-02,PROLONGED_RAIN,69.0
2016-08-02,EXTREME_HUMIDITY,90.14
2016-08-03,PROLONGED_RAIN,70.0
2016-08-03,EXTREME_HUMIDITY,90.14
2016-08-04,EXTREME_HUMIDITY,91.05
2016-08-04,HEAVY_RAIN,46.22
2016-08-04,PROLONGED_RAIN,71.0
2016-08-05,EXTREME_HUMIDITY,91.04
2016-08-05,HEAVY_RAIN,35.42
2016-08-05,PROLONGED_RAIN,72.0
2016-08-06,EXTREME_HUMIDITY,90.49
2016-08-06,PROLONGED_RAIN,73.0
2016-08-06,HEAVY_RAIN,28.45
2016-08-07,PROLONGED_RAIN,74.0
2016-08-07,EXTREME_HUMIDITY,90.92
2016-08-08,EXTREME_HUMIDITY,90.53
2016-08-08,PROLONGED_RAIN,75.0
2016-08-09,EXTREME_HUMIDITY,89.34
2016-08-09,PROLONGED_RAIN,76.0
2016-08-10,EXTREME_HUMIDITY,90.02
2016-08-10,PROLONGED_RAIN,77.0
2016-08-11,PROLONGED_RAIN,78.0
2016-08-11,EXTREME_HUMIDITY,90.39
2016-08-12,EXTREME_HUMIDITY,90.98
2016-08-12,PROLONGED_RAIN,79.0
2016-08-13,EXTREME_HUMIDITY,89.87
2016-08-13,PROLONGED_RAIN,80.0
2016-08-14,PROLONGED_RAIN,81.0
2016-08-14,EXTREME_HUMIDITY,89.51
2016-08-15,EXTREME_HUMIDITY,89.48
2016-08-15,PROLONGED_RAIN,82.0
2016-08-16,PROLONGED_RAIN,83.0
2016-08-16,EXTREME_HUMIDITY,89.83
2016-08-17,EXTREME_HUMIDITY,90.21
2016-08-17,PROLONGED_RAIN,84.0
2016-08-18,EXTREME_HUMIDITY,90.64
2016-08-18,PROLONGED_RAIN,85.0
2016-08-19,PROLONGED_RAIN,86.0
2016-08-19,EXTREME_HUMIDITY,90.46
2016-08-20,PROLONGED_RAIN,87.0
2016-08-20,EXTREME_HUMIDITY,89.21
2016-08-21,EXTREME_HUMIDITY,89.86
2016-08-21,PROLONGED_RAIN,88.0
2016-08-22,EXTREME_HUMIDITY,88.94
2016-08-22,PROLONGED_RAIN,89.0
2016-08-23,PROLONGED_RAIN,90.0
2016-08-23,EXTREME_HUMIDITY,90.42
2016-08-23,HEAVY_RAIN,32.9
2016-08-24,EXTREME_HUMIDITY,91.22
2016-08-24,PROLONGED_RAIN,91.0
2016-08-25,EXTREME_HUMIDITY,91.79
2016-08-25,PROLONGED_RAIN,92.0
2016-08-26,EXTREME_HUMIDITY,90.4
2016-08-26,PROLONGED_RAIN,93.0
2016-08-27,PROLONGED_RAIN,94.0
2016-08-27,EXTREME_HUMIDITY,89.81
2016-08-28,PROLONGED_RAIN,95.0
2016-08-28,EXTREME_HUMIDITY,89.99
2016-08-29,EXTREME_HUMIDITY,91.1
2016-08-29,PROLONGED_RAIN,96.0
2016-08-30,EXTREME_HUMIDITY,92.22
2016-08-30,PROLONGED_RAIN,97.0
2016-08-31,PROLONGED_RAIN,98.0
2016-08-31,EXTREME_HUMIDITY,91.32
2016-09-01,PROLONGED_RAIN,99.0
2016-09-01,EXTREME_HUMIDITY,90.52
2016-09-02,EXTREME_HUMIDITY,91.11
2016-09-02,PROLONGED_RAIN,100.0
2016-09-03,EXTREME_HUMIDITY,90.13
2016-09-03,PROLONGED_RAIN,101.0
2016-09-04,EXTREME_HUMIDITY,88.72
2016-09-04,PROLONGED_RAIN,102.0
2016-09-05,EXTREME_HUMIDITY,88.77
2016-09-05,PROLONGED_RAIN,103.0
2016-09-06,PROLONGED_RAIN,104.0
2016-09-06,EXTREME_HUMIDITY,87.31
2016-09-07,PROLONGED_RAIN,105.0
2016-09-07,EXTREME_HUMIDITY,86.66
2016-09-08,PROLONGED_RAIN,106.0
2016-09-08,EXTREME_HUMIDITY,88.0
2016-09-09,EXTREME_HUMIDITY,87.13
2016-09-10,EXTREME_HUMIDITY,87.98
2016-09-11,EXTREME_HUMIDITY,89.96
2016-09-12,EXTREME_HUMIDITY,87.57
2016-09-13,EXTREME_HUMIDITY,88.77
2016-09-13,PROLONGED_RAIN,3.0
2016-09-14,EXTREME_HUMIDITY,89.42
2016-09-14,PROLONGED_RAIN,4.0
2016-09-15,PROLONGED_RAIN,5.0
2016-09-15,EXTREME_HUMIDITY,90.28
2016-09-16,PROLONGED_RAIN,6.0
2016-09-16,EXTREME_HUMIDITY,88.72
2016-09-17,PROLONGED_RAIN,7.0
2016-09-17,EXTREME_HUMIDITY,87.72
2016-09-18,EXTREME_HUMIDITY,88.3
2016-09-18,PROLONGED_RAIN,8.0
2016-09-19,PROLONGED_RAIN,9.0
2016-09-19,EXTREME_HUMIDITY,89.13
2016-09-20,EXTREME_HUMIDITY,88.38
2016-09-20,PROLONGED_RAIN,10.0
2016-09-21,EXTREME_HUMIDITY,89.69
2016-09-21,PROLONGED_RAIN,11.0
2016-09-22,PROLONGED_RAIN,12.0
2016-09-22,EXTREME_HUMIDITY,89.01
2016-09-23,PROLONGED_RAIN,13.0
2016-09-23,EXTREME_HUMIDITY,90.09
2016-09-24,EXTREME_HUMIDITY,91.05
2016-09-24,PROLONGED_RAIN,14.0
2016-09-25,PROLONGED_RAIN,15.0
2016-09-25,EXTREME_HUMIDITY,89.31
2016-09-26,PROLONGED_RAIN,16.0
2016-09-26,EXTREME_HUMIDITY,91.31
2016-09-27,EXTREME_HUMIDITY,91.93
2016-09-27,PROLONGED_RAIN,17.0
2016-09-28,PROLONGED_RAIN,18.0
2016-09-28,EXTREME_HUMIDITY,93.65
2016-09-29,EXTREME_HUMIDITY,90.62
2016-09-29,PROLONGED_RAIN,19.0
2016-09-30,PROLONGED_RAIN,20.0
2016-09-30,EXTREME_HUMIDITY,88.88
2016-10-01,PROLONGED_RAIN,21.0
2016-10-01,EXTREME_HUMIDITY,87.91
2016-10-02,EXTREME_HUMIDITY,86.2
2016-10-03,EXTREME_HUMIDITY,85.25
2016-10-04,EXTREME_HUMIDITY,85.58
2016-10-05,EXTREME_HUMIDITY,86.66
2016-10-06,EXTREME_HUMIDITY,85.29
2016-10-07,EXTREME_HUMIDITY,85.06
2016-10-08,EXTREME_HUMIDITY,87.61
2016-10-09,PROLONGED_RAIN,3.0
2016-10-09,EXTREME_HUMIDITY,89.33
2016-10-10,PROLONGED_RAIN,4.0
2016-10-10,EXTREME_HUMIDITY,88.12
2016-10-11,PROLONGED_RAIN,5.0
2016-10-11,HEAVY_RAIN,27.12
2016-10-11,EXTREME_HUMIDITY,92.32
2016-10-12,PROLONGED_RAIN,6.0
2016-10-12,EXTREME_HUMIDITY,88.67
2016-10-13,EXTREME_HUMIDITY,90.22
2016-10-13,PROLONGED_RAIN,7.0
2016-10-14,PROLONGED_RAIN,8.0
2016-10-14,EXTREME_HUMIDITY,85.26
2016-12-14,PROLONGED_RAIN,3.0
2016-12-14,EXTREME_HUMIDITY,83.84
